TIMESTAMP;ET;T_CEC;T_REA;T_FVS
20190628;3.3359524192661265;3.1734299757834923;3.1670506112605517;-9999
20190629;4.003263665574977;3.7486134712021717;3.792589387648788;3.2516273659141555
20190630;3.6757670796515334;3.565108323516881;3.5637890878651155;3.025796742804682
20190701;3.4229380727120033;3.1715539798674173;3.1718219478541716;2.695665984176961
20190702;3.49093343865504;3.280161999468369;3.2778023660078506;-9999
20190703;3.5974640667418405;3.3889117028467672;3.3841816366989517;3.1943323409913176
20190704;3.705094590590624;3.6104373779746;3.606449195995384;3.15607641100652
20190705;3.7180973199270766;3.553277319588277;3.5493456137394257;3.220123491336633
20190706;3.9918688661000665;3.771597177990201;3.7793857162836164;-9999
20190707;3.6306194982128734;3.4621270093189964;3.312716506081701;3.1299093104476445
20190708;3.118689791251223;3.0002503174672053;2.981052847887775;2.7343977382204505
20190709;2.8904293844819633;2.8165832512826605;2.820750260138467;2.5635827550231327
20190710;3.4133305443358437;3.2422041866635882;3.2377851120198953;2.73345663176565
20190711;3.867232983066547;3.6711684746984674;3.669794172957044;3.2595288195502565
20190712;3.69349709489873;3.460257287198463;3.514449635367299;3.011592352223363
20190713;3.589429209549633;3.360824370012869;3.377754223077203;2.827682429068459
20190714;3.5022005913406162;3.2551402554078823;3.2680242454635993;-9999
20190715;3.5160904269829536;3.2452957497945354;3.256623951121778;-9999
20190716;2.993536277146177;2.7305782577486655;2.7418930105973573;2.7130383602640498
20190717;3.09075256947483;2.902469853649566;2.9207706712997177;2.521196946737544
20190718;3.0273842777760365;2.9617045628985403;2.9610972537968636;2.728615458538981
20190719;2.636750870525183;2.486415034098698;2.499572226735579;2.2816202937584973
20190720;2.290640529601817;2.148585474475642;2.148065083339539;1.9281486712032323
20190721;2.73739914892835;2.6250338482143367;2.6226631951068815;2.2464292095971143
20190722;2.970374173866107;2.8593985821607086;2.9164437254036746;2.6959684119180825
20190723;2.904729871665323;2.6414896602467106;2.6140143759363097;2.3669830710808246
20190724;2.931848536964953;2.6696606470949926;2.656048232969665;2.535204657240481
20190725;2.5568276574585904;2.2611656830286293;2.44009075874303;2.1595485740210574
20190726;2.6833808046452035;2.544703381739231;2.5696950490773207;2.406206441009028
20190727;3.3448954610182065;3.1821974872344025;3.3047734626366583;2.9625147464898527
20190728;3.1756354042190265;2.8065145462498258;2.8197094311235085;2.653238135360763
20190729;2.1310929448700935;2.0097974021353844;2.004697582261759;1.9534159721952429
20190730;2.30808933774745;2.248985487152263;2.2974284443008113;2.147641353447809
20190731;2.7781460885232363;2.657580036519889;2.6647555883754683;2.500753137083531
20190801;2.45928691775711;2.3490473595817183;2.352136997042392;-9999
20190802;3.0077205747068327;2.822718518321297;2.81544695701635;2.579495235644342
20190803;3.2575071589635365;3.1881426417906717;3.2094485512677133;2.795755751971718
20190804;2.57606107802593;2.5244866512681132;2.5245854080451635;2.293705886602875
20190805;2.1523698486639797;2.059525150964108;2.043787916035776;1.9219333952098085
20190806;2.5859354382796234;2.440527594763331;2.403858049657356;2.346694739976482
20190807;2.64143614813573;2.4841643417567365;2.4500666014452164;2.3598628165254114
20190808;2.4438419764992;2.307299003778999;2.291709133047604;-9999
20190809;2.26674325941954;2.0521902548897506;2.0266282985857513;2.1436963338776445
20190810;2.0840696178938765;1.9639918758160764;1.9497052750041621;1.9640049759987674
20190811;2.7069248983788934;2.5633450849608206;2.548826383980131;2.2955877575231893
20190812;2.71162541747616;2.5453900407857772;2.5419634628306853;2.2526142378366214
20190813;2.7087845950274763;2.550410163409962;2.5606439530881606;2.396553806425596
20190814;2.9387698760846934;2.735473429972432;2.7265845842547676;2.543067105981059
20190815;2.7615491732058666;2.5016995243514484;2.503622524057669;2.3680779767832814
20190816;3.0888346953461263;2.8523443222802127;2.854990523642027;2.9056126472618202
20190817;2.2629020718654265;2.203105656284649;2.2032533908252634;2.1274670770461417
20190818;1.6629484805051635;1.598677599954345;1.5939925772142198;1.5755397544685612
20190819;1.4789593406591937;1.4348533743119494;1.4292132982348382;1.4008891727119772
20190820;1.57058757165984;1.47660521135006;1.4764826855870758;1.4545180404876463
20190821;2.0362186111767664;1.8992969415229035;1.9040400777618485;1.914681281249214
20190822;2.5211709379612066;2.3631040779726957;2.405420110102381;2.1340319279437945
20190823;2.5067056715807396;2.4090437014694914;2.4106084819728077;2.2141122361506658
20190824;2.3867457111775767;2.321234543644747;2.346978210447154;2.2438211049513206
20190825;2.217782330992477;2.136974345511646;2.143774452125718;1.9789836959835043
20190826;2.4871185322644567;2.39022209011375;2.408758968310452;2.2789162299955525
20190827;2.27644940920043;2.1709879610144465;2.179579725570187;2.039131560626409
20190828;1.9441557289680833;1.8967182338734387;1.8976215848808482;1.83918824482964
20190829;1.8979975961584332;1.8273818641762023;1.8245222929851457;1.842104013166584
20190830;2.34079962895931;2.2257139412577738;2.26743973490908;2.0232452631628424
20190831;2.189487784897683;2.02400986539508;2.023703057241853;2.0071452139866826
20190901;1.54933783976249;1.3703786717910578;1.3351318522766078;1.3540961866417935
20190902;1.41414410727977;1.2926233261465254;1.2735637183156545;1.3170062529848099
20190903;1.2310663409680067;1.0541640594197632;1.1542051194559213;1.1156368443949853
20190904;1.7219433722080566;1.5192686605741146;1.4823672607853022;1.51992629767008
20190905;1.52256034174842;1.4717737503342854;1.4746550788596837;1.4246134758988618
20190906;1.7128806686096265;1.429554534996827;1.4523778109526606;1.4031059123489467
20190907;0.9062257271839597;0.8132212402712706;0.8514478066237544;0.8186133519995715
20190908;0.984656680451503;0.9008591352845674;0.9029424328754172;-9999
20190909;1.36208827486849;1.263599680165907;1.2420407105512636;1.271963838999544
20190910;1.3731593320754534;1.250551020012433;1.232706816893148;1.3729537284410775
20190911;1.1995011068121166;1.1338646177960257;1.119279595414434;-9999
20190912;1.1203808886938134;0.9300856611241818;0.9110430309215083;0.8966504048447682
20190913;1.6102481641723199;1.4124529218462238;1.3918490977294826;1.4072163836461813
20190914;1.7168696887135733;1.5075050541677895;1.4668211192603628;1.5048776929484888
20190915;1.0068939617841632;0.8025832486436438;0.816250756394988;-9999
20190916;1.7116925675360435;1.4872929784866702;1.4757097210942114;1.475450963729455
20190917;1.28324754494391;1.237089677962135;1.243808015414911;1.2605732952581503
20190918;1.6040826489799267;1.1098648698184854;1.2844365694263435;-9999
20190919;1.31281517381407;1.1109001280398927;1.0905229187422896;1.0856670256704488
20190920;0.9888131808996711;0.8792019498451396;0.8531499363487665;0.9357326664441727
20190921;1.3041601605396866;1.196167127404115;1.2100981821800352;1.1852985504778808
20190922;1.2730479800061;1.192814172522903;1.1799918793231998;1.1847019413615005
20190923;1.3727857088076165;1.1800181479563436;1.205623636124257;1.2110032600765628
20190924;1.6984843977044;1.4714887994281238;1.471671103143537;1.4195319221494462
20190925;2.0874496410402537;1.7849938947649624;1.7717527349139013;1.785947897660252
20190926;1.0294977980248934;0.8773322921182439;0.8715944260467825;-9999
20190927;0.9017989270554;0.835326904396474;0.8327129167823237;-9999
20190928;0.8589394343322403;0.6820957274390403;0.6769871491705809;0.7662097169019412
20190929;0.6404762549297186;0.4624743404227133;0.4444889946115526;-9999
20190930;1.5782977618421798;1.0028275651951108;1.2364532740742564;0.9338901742944896
20191001;0.7770616544361625;0.6936824317081731;0.6901981789597571;-9999
20191002;0.9664584312041816;0.8711042855836507;0.858676499866142;0.8712388147437257
20191003;1.0454505222532866;0.9157809865326241;0.8989795919661016;-9999
20191004;0.9167424295327914;0.8089194547250353;0.7923489881602598;-9999
20191005;0.7593775772344191;0.6894045505470681;0.7085430208873699;0.7169215419440109
20191006;0.6741332403039291;0.5536456893969921;0.5565990787253113;-9999
20191007;0.9944037336687307;0.8475157575802462;0.8677926921997556;0.8885733594513892
20191008;1.2809299402822936;1.1058066631624515;1.0795151312334774;1.1869695080098395
20191009;0.9960686660679766;0.8805311175467637;0.8643155792593137;-9999
20191010;0.8896323170630781;0.7554854119324533;0.7463991659870635;0.8099116756418052
20191011;1.0263953692256267;0.8397152988368703;0.8404318350748555;0.9190401260236031
20191012;1.1248645349421067;1.0011810689691145;0.9977721487045924;1.0402167292876983
20191013;0.9751645696047803;0.8743384412589907;0.8793068445920718;0.9771798267752148
20191014;0.7352135421409632;0.6334915702776761;0.6597355463231951;-9999
20191015;0.7283763854677107;0.47872348840973133;0.48494060499320535;0.5757949663116823
20191016;0.5729416704382083;0.4430425757845169;0.43347090200655947;0.5345377570251698
20191017;0.5071608056114773;0.43551139088741614;0.41845208879864426;-9999
20191018;0.4252353144610213;0.3764178320634449;0.368235081665851;-9999
20191019;0.81729157528719;0.4836877184982423;-9999;-9999
20191020;0.527976682977645;0.46149573561201446;0.4873563134934274;0.5159288173591581
20191021;0.4723429470532676;0.38243427004499675;0.37832498948509474;0.4567806681799335
20191022;0.45618798205694033;0.34345063970073486;0.3340108204855097;-9999
20191023;0.7405337797325969;0.5365619525618033;0.5327946308405994;0.6376088267239418
20191024;0.7910015877033088;0.47670814089000896;0.49044958888623935;-9999
20191025;0.7707692893848682;0.5790257201465752;0.5776153131440758;0.6903332891089344
20191026;0.5920038852377646;0.47172059962341667;0.4836560999462211;0.5756106012625617
20191027;0.6722030607351873;0.41636000342794455;0.4010807090040357;-9999
20191028;0.40972304589680936;0.31553270711107395;0.3358407666416168;-9999
20191029;0.3885450941993547;0.23769582533749373;0.22250735826414314;0.33916502199760706
20191030;0.20164507916320437;0.12298809104242002;0.11336063399030652;-9999
20191031;0.25669121652905663;0.17562333262977117;0.17705639555422029;-9999
20191101;0.183973587948969;0.12755669521375124;0.12602071549565919;0.16143290086605155
20191102;0.20087419040320068;0.14306635258107042;0.14036515717857467;-9999
20191103;0.19005883316779867;0.12717215019616535;0.13130264420737534;-9999
20191104;0.16917554924693234;0.10520520454107397;0.10033872601817054;-9999
20191105;0.17440044915129263;0.07522283933111182;0.08128631878730715;0.14010845855838175
20191106;0.19827159659569302;0.08131948857717633;-9999;-9999
20191107;0.22576771566340634;0.13499103234983031;-9999;-9999
20191108;0.4766989127692463;0.16494882346313375;-9999;-9999
20191109;0.32843968592115896;0.11007116518795852;-9999;-9999
20191110;0.243919259259619;0.11251066070569794;-9999;-9999
20191111;0.19087182026205765;0.10965935273533955;0.10887954032272354;-9999
20191112;0.12419646123825134;0.07030492249966665;0.06646737530303289;-9999
20191113;0.14989339076182734;0.06401410138691889;-9999;-9999
20191114;0.08206224391539046;0.023601340239175816;-9999;-9999
20191115;0.4983868581162583;0.2934594939832896;0.3172451809213273;0.2924004579608627
20191116;0.347689683844314;0.23199386186418824;0.2309552701236396;-9999
20191117;0.3155229398487756;0.22251682906909742;0.219448887248871;0.27992863757865255
20191118;0.20280086370275865;0.13491240546413882;0.13339839618967617;-9999
20191119;0.281896124151629;0.1694712604323042;-9999;0.22913957746791244
20191120;0.196400514159634;0.10806021173379556;-9999;-9999
20191121;0.130306357308043;0.0711282197385245;0.0586985018404334;-9999
20191122;0.17718929614223;0.12378387409782755;-9999;-9999
20191123;0.1966855429106673;0.11999750571181332;0.12137032306390244;-9999
20191124;0.12695352586735564;0.08383556718011576;0.0858038132409348;-9999
20191125;0.314072758210496;0.19515011010608158;0.13967156380152213;-9999
20191126;-9999;-9999;-9999;-9999
20191127;-9999;-9999;-9999;-9999
20191128;0.6730314266743557;0.06472133094304179;0.11132826293957745;-9999
20191129;0.5197597716931517;0.12746326606915342;-9999;-9999
20191130;-9999;-9999;-9999;-9999
20191201;-9999;-9999;-9999;-9999
20191202;-9999;-9999;-9999;-9999
20191203;-9999;-9999;-9999;-9999
20191204;-9999;-9999;-9999;-9999
20191205;0.40676516761441134;0.07190986740619544;0.044317640882500425;-9999
20191206;-9999;-9999;-9999;-9999
20191207;-9999;-9999;-9999;-9999
20191208;-9999;-9999;-9999;-9999
20191209;0.4558078933880057;0.0777536865018293;0.11635944520547985;-9999
20191210;0.3033551694278203;0.024161070342483854;0.029334938476044254;-9999
20191211;-9999;-9999;-9999;-9999
20191212;-9999;-9999;-9999;-9999
20191213;-9999;-9999;-9999;-9999
20191214;1.1778334629081668;0.7461141123647772;-9999;-9999
20191215;0.8815978443819006;0.6060516251822786;0.5814985050487541;-9999
20191216;0.8125693166390118;0.5029975309541597;0.5501990585692234;-9999
20191217;0.8148688643544052;0.28155737828386146;-9999;-9999
20191218;-9999;-9999;-9999;-9999
20191219;-9999;-9999;-9999;-9999
20191220;-9999;-9999;-9999;-9999
20191221;-9999;-9999;-9999;-9999
20191222;-9999;-9999;-9999;-9999
20191223;-9999;-9999;-9999;-9999
20191224;-9999;-9999;-9999;-9999
20191225;-9999;-9999;-9999;-9999
20191226;-9999;-9999;-9999;-9999
20191227;-9999;-9999;-9999;-9999
20191228;-9999;-9999;-9999;-9999
20191229;-9999;-9999;-9999;-9999
20191230;-9999;-9999;-9999;-9999
20191231;-9999;-9999;-9999;-9999
20200101;-9999;-9999;-9999;-9999
20200102;-9999;-9999;-9999;-9999
20200103;-9999;-9999;-9999;-9999
20200104;-9999;-9999;-9999;-9999
20200105;-9999;-9999;-9999;-9999
20200106;-9999;-9999;-9999;-9999
20200107;-9999;-9999;-9999;-9999
20200108;-9999;-9999;-9999;-9999
20200109;-9999;-9999;-9999;-9999
20200110;-9999;-9999;-9999;-9999
20200111;-9999;-9999;-9999;-9999
20200112;-9999;-9999;-9999;-9999
20200113;-9999;-9999;-9999;-9999
20200114;-9999;-9999;-9999;-9999
20200115;-9999;-9999;-9999;-9999
20200116;-9999;-9999;-9999;-9999
20200117;-9999;-9999;-9999;-9999
20200118;-9999;-9999;-9999;-9999
20200119;-9999;-9999;-9999;-9999
20200120;-9999;-9999;-9999;-9999
20200121;-9999;-9999;-9999;-9999
20200122;-9999;-9999;-9999;-9999
20200123;-9999;-9999;-9999;-9999
20200124;-9999;-9999;-9999;-9999
20200125;-9999;-9999;-9999;-9999
20200126;-9999;-9999;-9999;-9999
20200127;-9999;-9999;-9999;-9999
20200128;-9999;-9999;-9999;-9999
20200129;-9999;-9999;-9999;-9999
20200130;-9999;-9999;-9999;-9999
20200131;-9999;-9999;-9999;-9999
20200201;-9999;-9999;-9999;-9999
20200202;-9999;-9999;-9999;-9999
20200203;-9999;-9999;-9999;-9999
20200204;-9999;-9999;-9999;-9999
20200205;-9999;-9999;-9999;-9999
20200206;-9999;-9999;-9999;-9999
20200207;-9999;-9999;-9999;-9999
20200208;-9999;-9999;-9999;-9999
20200209;-9999;-9999;-9999;-9999
20200210;-9999;-9999;-9999;-9999
20200211;-9999;-9999;-9999;-9999
20200212;-9999;-9999;-9999;-9999
20200213;-9999;-9999;-9999;-9999
20200214;-9999;-9999;-9999;-9999
20200215;-9999;-9999;-9999;-9999
20200216;-9999;-9999;-9999;-9999
20200217;-9999;-9999;-9999;-9999
20200218;-9999;-9999;-9999;-9999
20200219;-9999;-9999;-9999;-9999
20200220;-9999;-9999;-9999;-9999
20200221;-9999;-9999;-9999;-9999
20200222;-9999;-9999;-9999;-9999
20200223;-9999;-9999;-9999;-9999
20200224;-9999;-9999;-9999;-9999
20200225;-9999;-9999;-9999;-9999
20200226;-9999;-9999;-9999;-9999
20200227;-9999;-9999;-9999;-9999
20200228;-9999;-9999;-9999;-9999
20200229;-9999;-9999;-9999;-9999
20200301;-9999;-9999;-9999;-9999
20200302;-9999;-9999;-9999;-9999
20200303;-9999;-9999;-9999;-9999
20200304;-9999;-9999;-9999;-9999
20200305;-9999;-9999;-9999;-9999
20200306;-9999;-9999;-9999;-9999
20200307;-9999;-9999;-9999;-9999
20200308;-9999;-9999;-9999;-9999
20200309;-9999;-9999;-9999;-9999
20200310;-9999;-9999;-9999;-9999
20200311;-9999;-9999;-9999;-9999
20200312;-9999;-9999;-9999;-9999
20200313;-9999;-9999;-9999;-9999
20200314;-9999;-9999;-9999;-9999
20200315;-9999;-9999;-9999;-9999
20200316;-9999;-9999;-9999;-9999
20200317;-9999;-9999;-9999;-9999
20200318;-9999;-9999;-9999;-9999
20200319;-9999;-9999;-9999;-9999
20200320;-9999;-9999;-9999;-9999
20200321;-9999;-9999;-9999;-9999
20200322;-9999;-9999;-9999;-9999
20200323;-9999;-9999;-9999;-9999
20200324;-9999;-9999;-9999;-9999
20200325;-9999;-9999;-9999;-9999
20200326;-9999;-9999;-9999;-9999
20200327;-9999;-9999;-9999;-9999
20200328;-9999;-9999;-9999;-9999
20200329;-9999;-9999;-9999;-9999
20200330;-9999;-9999;-9999;-9999
20200331;-9999;-9999;-9999;-9999
20200401;-9999;-9999;-9999;-9999
20200402;-9999;-9999;-9999;-9999
20200403;-9999;-9999;-9999;-9999
20200404;-9999;-9999;-9999;-9999
20200405;-9999;-9999;-9999;-9999
20200406;-9999;-9999;-9999;-9999
20200407;-9999;-9999;-9999;-9999
20200408;-9999;-9999;-9999;-9999
20200409;-9999;-9999;-9999;-9999
20200410;-9999;-9999;-9999;-9999
20200411;-9999;-9999;-9999;-9999
20200412;-9999;-9999;-9999;-9999
20200413;-9999;-9999;-9999;-9999
20200414;-9999;-9999;-9999;-9999
20200415;-9999;-9999;-9999;-9999
20200416;-9999;-9999;-9999;-9999
20200417;-9999;-9999;-9999;-9999
20200418;-9999;-9999;-9999;-9999
20200419;-9999;-9999;-9999;-9999
20200420;-9999;-9999;-9999;-9999
20200421;-9999;-9999;-9999;-9999
20200422;-9999;-9999;-9999;-9999
20200423;-9999;-9999;-9999;-9999
20200424;-9999;-9999;-9999;-9999
20200425;-9999;-9999;-9999;-9999
20200426;-9999;-9999;-9999;-9999
20200427;-9999;-9999;-9999;-9999
20200428;-9999;-9999;-9999;-9999
20200429;-9999;-9999;-9999;-9999
20200430;-9999;-9999;-9999;-9999
20200501;-9999;-9999;-9999;-9999
20200502;-9999;-9999;-9999;-9999
20200503;-9999;-9999;-9999;-9999
20200504;-9999;-9999;-9999;-9999
20200505;-9999;-9999;-9999;-9999
20200506;-9999;-9999;-9999;-9999
20200507;-9999;-9999;-9999;-9999
20200508;-9999;-9999;-9999;-9999
20200509;-9999;-9999;-9999;-9999
20200510;-9999;-9999;-9999;-9999
20200511;-9999;-9999;-9999;-9999
20200512;2.4057901020600503;1.4709735503749726;1.5066130229690569;-9999
20200513;-9999;-9999;-9999;-9999
20200514;1.7016062431735832;1.0364247518067367;1.099848812333651;-9999
20200515;2.5647888575609503;1.9809068574640791;1.985653002166863;1.7250592153640703
20200516;1.4793373978432565;1.1435670471766342;1.1357713380575492;-9999
20200517;2.41239581824011;0.9601212500174456;-9999;-9999
20200518;1.9180542017604567;1.4136049796809171;1.3610825720056892;-9999
20200519;2.2156000700755634;1.874120096360863;1.8764746975723534;1.8063945830674009
20200520;2.14565012652616;1.824341576348858;1.8485233705808506;1.605544387532221
20200521;2.8545868856980436;2.5368549084532135;2.5518432171714722;2.215001247821059
20200522;2.5447706325737833;2.2620408391267084;2.270169159230831;2.15113966308009
20200523;3.100825644543937;2.8043155404829148;2.8150378187076095;2.471122988863848
20200524;3.540814255223887;3.114863745740293;3.1417280945237476;2.748751126064711
20200525;4.06282929156447;3.550234351251508;3.5729664848719103;3.1034241322512006
20200526;4.3269395597852665;3.788432421785248;3.8140694682012275;3.6627460403787104
20200527;4.276554763032423;3.6819613647625826;3.715134713764651;3.5037476145987427
20200528;3.755936596548223;3.5196305091907885;3.532994814184551;2.9748652597578533
20200529;2.11963605767885;1.8987042729977959;1.9032051880883483;-9999
20200530;1.91005655910312;1.540490686111009;1.5520061883066776;1.5876711127438718
20200531;1.93195402834323;1.7815342695715894;1.7890853734020447;1.6508215056753364
20200601;2.7881565353755366;2.606558532108077;2.591420660089835;2.21415577066937
20200602;3.8289997607801403;3.5960815602800764;3.607950335705033;3.2260901979704584
20200603;4.147441178319343;3.7708853651618695;3.733100417473243;3.424421508417918
20200604;4.090811366504723;3.71921619387369;3.7511651357441194;-9999
20200605;2.5559899628867933;2.3671226063222885;2.347967579894884;2.3629728626346744
20200606;2.30369513008366;2.055985706476357;2.0266060309624527;2.1200112425956443
20200607;2.08003867444274;1.840119710219543;1.8252985862383384;-9999
20200608;2.62751969819887;2.4174531182541674;2.406731886430168;2.2642312103668956
20200609;2.8567807659572435;2.5761086477625645;2.567658483810808;2.41441462427162
20200610;3.267467681418007;3.057480686837728;3.0442520739743806;2.8744727567573243
20200611;2.6489621633772065;2.4935146675568283;2.484743536252409;2.4191477104260772
20200612;1.6399986872759633;1.4871554940843157;1.4686220051371226;1.4848316615670827
20200613;2.23926499144959;2.0455812506299766;2.0465237649444803;2.0786755054653794
20200614;2.8829393549796136;2.685123366780598;2.6562870981751736;-9999
20200615;2.366186977504736;2.184956973344788;2.163665029106668;2.121149109388384
20200616;2.3280253297459734;2.0640770997877302;2.049158359646653;2.2071746835429114
20200617;3.20124946387445;3.021495069519687;3.014022094223268;2.5543684556987154
20200618;3.3469844343519033;3.1440694660629425;3.1308335839739367;-9999
20200619;2.8679985155470966;2.8019196811554345;2.8087526022822082;-9999
20200620;2.5646076106694005;2.3908187180298013;2.396211695236693;2.3276498464217834
20200621;2.9577187551988264;2.7718446797393406;2.7752983188427365;2.579669043997012
20200622;3.05260224853345;2.912075556718355;2.9241078233910294;2.736256214974517
20200623;2.7908831748931937;2.68980718394166;2.6959581416637244;2.541107436312821
20200624;2.5142209103215434;2.3063577077126376;2.309281364461765;2.342094523783771
20200625;2.7397697181081164;2.6030739638308606;2.623401471918934;2.483078438289453
20200626;3.0741933803891737;2.985255117940443;2.998734019498119;2.769321619899663
20200627;2.2578553810761903;2.1719094306527285;2.1821985768348116;2.0692131560050027
20200628;2.6624087448580833;2.4781520968427806;2.4849613031831446;-9999
20200629;2.9014575236641034;2.742447479254836;2.738399687870429;2.553695763599876
20200630;2.9625266405233;2.7568703979883296;2.763841565233196;2.445238361484138
20200701;3.10343730022988;2.8874837761437657;2.8935049237686195;2.795007863022236
20200702;2.14954812067727;2.1040186150234095;2.1048699704086267;2.0874221011993974
20200703;2.6152815190810967;2.495580563265514;2.493408860674286;2.4326594319111363
20200704;3.5768401363870868;3.247548126674569;3.250748270128787;-9999
20200705;3.411198480461627;3.061746132975878;3.0746039334689805;-9999
20200706;3.230616823774543;3.043194740319593;3.0418788636948486;-9999
20200707;3.1467609560532437;2.9895937652765507;3.006004422547666;2.698196373042819
20200708;3.72052628158481;3.48463709452456;3.4771049578172444;3.055879018172637
20200709;3.361146099653167;3.1550240808921615;3.1721784016167156;-9999
20200710;3.6063252856282433;3.369251703255198;3.363946914143064;2.9412648537558828
20200711;3.5596105303015437;3.3326738888001946;3.328331279408906;2.966021240865309
20200712;2.95730303481378;2.734611670806477;2.7469411207840753;-9999
20200713;2.7308448723019296;2.6548261360075145;2.661328311495983;2.6574624178395307
20200714;2.6126354655283603;2.5181046799802433;2.529297204054551;2.643641447073824
20200715;2.63051850709029;2.4866192997452896;2.498251190564245;-9999
20200716;2.2839015870871564;2.198747450946493;2.2013920759375556;2.1429695789943923
20200717;2.4959233304928605;2.4174003355579132;2.41832899911811;-9999
20200718;2.799027928196027;2.7425925547816266;2.742140559870519;2.536213888462632
20200719;2.1177997099435597;2.0363994476866263;2.0408322429490955;2.027881191272668
20200720;2.2454856465498736;2.1626871272099706;2.1691063399719597;2.212155974874798
20200721;2.29222573223569;2.22160030784249;2.2231019952315885;2.2279165358005164
20200722;2.3721614606415766;2.311025037888738;2.3116652034954397;2.275258132702233
20200723;2.45652985335143;2.401930401942642;2.4025445004104404;2.3229197990821704
20200724;2.5653655568387497;2.4783692590918203;2.4918249973627233;-9999
20200725;2.632373365931967;2.53516377976221;2.555632190877926;2.4029868653063544
20200726;2.3714221550315635;2.290281665254372;2.291344059023785;2.2189567085190096
20200727;2.4660825729612132;2.351877763449851;2.3553709221254433;2.3066567607438095
20200728;2.422766212832087;2.3470212865745097;2.353589403101884;2.2226844576067055
20200729;2.39584406413978;2.347882047930103;2.349430423655538;2.1488175782226375
20200730;2.1038419260666337;2.0593645247839976;2.059182382150158;1.9079870582708232
20200731;2.709235971174893;2.470934582674751;2.471669306362141;2.4190421373102065
20200801;2.6983145334738565;2.455795838516663;2.4364992373831496;2.243101325379488
20200802;2.1656846219106334;1.8729817906721793;2.091348392558783;1.7617197574317853
20200803;2.566800554392597;2.368083602582151;2.375050581237331;-9999
20200804;2.4967454498811366;2.3183493762914744;2.277970148624137;2.1939505230726564
20200805;2.459410036045077;2.3572824762140385;2.362487918418571;2.358232480719954
20200806;2.508669427649263;2.3656413043592783;2.3709496288520326;-9999
20200807;2.75122147715749;2.6847554725245155;2.6872224974163523;2.679164155435831
20200808;2.41875901177021;2.339497136735831;2.350386752629606;-9999
20200809;2.1068739016548332;2.0005355289263678;2.007734300081732;-9999
20200810;2.2540215366179397;2.187981526996445;2.1961638100386556;2.1662070211208855
20200811;1.8456700071937633;1.792142389880478;1.7927594687673074;1.7727698454762442
20200812;2.5435785196669265;2.467605369124444;2.4674225356769655;2.231280634170989
20200813;2.9173417733289395;2.6548510966785237;2.657911975467098;2.3494824184645777
20200814;3.2960730136829235;2.8942617873688503;2.8917241428301965;2.6956789029230466
20200815;2.9879353336086734;2.6768667399988044;2.6588621533127235;2.4687196637710485
20200816;2.904036333582347;1.959918233883746;2.0800858943003027;2.040267607171638
20200817;1.4106471664236733;0.826449499992518;0.8937849860724433;-9999
20200818;3.59057650933749;2.9105121786132986;2.867059143752224;3.0256008370906695
20200819;3.8756030607764367;3.5612244314820534;3.5448815591621963;-9999
20200820;2.9721110515008333;2.7889331977159566;2.7797565097421466;2.6185561870070275
20200821;3.2207140140993027;3.0474512623115704;3.057731508347853;-9999
20200822;2.49676302216317;2.240776380476884;2.1879379305520574;-9999
20200823;1.64336535442189;1.4340955778981943;1.4140290379083447;1.5385146509442964
20200824;2.15500286207056;1.8151699096846308;1.8003715674947143;1.9975658954277509
20200825;1.9666083740330167;1.8507346598702463;1.8341284457165776;1.8040662284555586
20200826;1.4493602551236335;1.3530843702050444;1.355390105782863;-9999
20200827;1.6176731037462801;1.5283627281644547;1.5315304932375386;1.5768186051496347
20200828;1.5277572987390766;1.4426580482754507;1.4493496019176948;-9999
20200829;1.6558530258640165;1.5157903532616972;1.515007542498665;-9999
20200830;1.6100173195556933;1.5564645671916248;1.5588483710953593;-9999
20200831;1.3760318883663867;1.3361341912622462;1.3318134252380187;1.288352245933313
20200901;1.1588309045764633;1.1064595948035563;1.1043402153871131;1.1315866387328446
20200902;1.3750026572631533;1.3367120979055376;1.3368740513965494;1.341479164700776
20200903;1.7614712596416933;1.7077336392389642;1.7086796416648278;-9999
20200904;2.2688514082757134;2.106160793722415;2.080635838060848;1.986780101330532
20200905;2.7149350810017197;2.4973845309924743;2.5079071866643527;2.1425880850486014
20200906;2.247415602120883;1.6066594987123666;1.6378423964669258;-9999
20200907;1.7495751342028398;0.8094478875538994;0.826730625464318;1.3964057420211433
20200908;0.9690851608479126;0.43180324781481233;0.5210458086474004;0.6134587981518616
20200909;0.12759035941277233;0.08833121229662212;0.0875742061517963;-9999
20200910;0.3753772607470656;0.3246285095331649;0.32805837270563615;0.336768690910294
20200911;1.5201387866095832;1.4624305896794152;1.459643539393247;-9999
20200912;2.1649354534759095;2.08790639938817;2.069477691114167;-9999
20200913;1.36486032874508;1.3068851120868816;1.3086913298392606;-9999
20200914;1.2374349579116302;1.164472342106062;1.1519986750148632;1.247264491059444
20200915;1.5951237306059;1.5204448616655077;1.528505080554324;-9999
20200916;1.6124433999601466;1.5170462925535984;1.5566526934179665;-9999
20200917;1.3947763943823832;1.1962261849033664;1.1174326444430263;-9999
20200918;0.9976348107776357;0.8277885156542116;0.8281476167220587;-9999
20200919;1.1838347260045599;1.0758640000928472;1.0775544601165616;-9999
20200920;1.69198204627404;1.5966992730513023;1.5877737337562474;-9999
20200921;1.5812765875480934;1.4938855186126792;1.5004646508768762;1.4359424970781847
20200922;1.2420132865270632;1.0439035020289305;0.9971577974640222;1.1632778900675522
20200923;0.8234092939937497;0.7373273104058908;0.6941202124560938;-9999
20200924;0.8069965006487424;0.7274379025397356;0.7018874448617733;-9999
20200925;0.8670853263625977;0.7589599728253119;0.7411290787901079;0.8454811951850045
20200926;1.1132001613646467;0.9950967806125924;0.9890461247188423;1.0868996879210242
20200927;2.2946313540282133;1.9763266013996068;1.9754578185388645;-9999
20200928;1.4780698242137669;1.169808147336827;1.1768046707896838;1.2720344990458954
20200929;0.7111362005291544;0.591622830468993;0.5756915006644654;-9999
20200930;0.9094392927472189;0.6717145774123656;0.7056629489361913;0.7733131441492538
20201001;0.640338668218019;0.48751536442053506;0.48089670851711636;0.5179652821264209
20201002;0.603243871714638;0.3787486110706522;0.407604973486609;0.5195877705717933
20201003;0.6848953984413586;0.4345909117151381;0.3995849945705826;0.5959073407945708
20201004;0.5689604489107274;0.3881697580712271;0.36903119769944126;0.5098507966263519
20201005;0.6752343691355392;0.4217561342516437;0.42668596225421784;0.5680350453514219
20201006;0.5671031074071666;0.38994307719945254;0.356036874260698;0.5534434709367809
20201007;0.5104091812317363;0.37996035750218277;0.3682491481064136;0.4154523918642317
20201008;0.306011521360825;0.27990512999788314;0.2778865339179061;-9999
20201009;0.5036873877389457;0.4301319138000778;0.42960480320747496;-9999
20201010;0.398925953634332;0.24693746868721494;0.2599954990253814;-9999
20201011;0.6544736909315874;0.5620027702733466;0.5397467472149796;-9999
20201012;0.49225670249312;0.4299873541815042;0.4341438722113854;-9999
20201013;0.5109440673617439;0.42859139973631244;0.41351276644896223;-9999
20201014;0.6560710892258393;0.49036791017459086;0.4330434483012318;0.5473315636183901
20201015;0.866480807145494;0.7190221398775248;0.720020069669397;0.7449605344955855
20201016;0.7288220899163332;0.4974988719849729;0.48682458500375975;0.6169760593384154
20201017;0.5276684069500069;0.38113032723780776;0.39073421130977787;0.4748936594088483
20201018;0.45762300471824835;0.3650483152602496;0.3625632153935797;-9999
20201019;0.416343751153388;0.29777479400785445;0.27522363845909553;0.421080658802377
20201020;0.463835396027734;0.36856587403444063;0.39142239473425416;-9999
20201021;0.4481434709609224;0.38290627664989985;0.3737372678050202;-9999
20201022;0.37039286808658695;0.25693045089531313;0.24944611253063761;0.36990092699747723
20201023;0.41216153553678203;0.3059226854631844;0.2709845496171363;-9999
20201024;0.2740014859627577;0.1636573619896449;0.1596755531548603;-9999
20201025;0.47727949006261333;0.31892425318757445;0.3454703456917809;0.3924779507856875
20201026;0.5230837111520072;0.3614981143594338;0.34608001286834383;0.4649600332468958
20201027;0.4154164111903364;0.29951807033363925;0.3129829374883752;-9999
20201028;0.3024045490205533;0.22602033286304515;0.21829528882430294;-9999
20201029;0.2996771372865463;0.23721184515287627;0.23767629858888825;-9999
20201030;0.28910586402883065;0.19966624943142539;0.19857554075807107;0.2738882149064649
20201031;0.283171774752303;0.19716594141278368;0.2131192029018012;0.2580192297055998
20201101;0.284069213062224;0.20504188686281238;0.21359360291763882;-9999
20201102;0.2855572874390527;0.19559964688256976;0.18460238839627166;0.26341230009914335
20201103;0.210803103833896;0.07614202106520901;-9999;0.16841331622548145
20201104;0.2772035996809467;0.18846897127227577;0.19387108231483852;-9999
20201105;0.30439644200173;0.212738081322723;0.21470852957404665;0.27893731393702154
20201106;0.7158090948890213;0.25510653472282785;-9999;-9999
20201107;0.5460269516436133;0.34193945007085896;0.3641324052483942;0.3631085822085326
20201108;0.24947756629668535;0.15710725944085852;-9999;-9999
20201109;0.18766314493937933;0.13943416905920705;0.13649149814784334;-9999
20201110;0.15145926886836236;0.0903587006129777;0.09408294311455037;-9999
20201111;0.1709252738734507;0.12681081888711;0.13445186335007872;-9999
20201112;0.20906347647147935;0.15012977957524967;0.1454729729612529;0.19317990497536375
20201113;-9999;-9999;-9999;-9999
20201114;1.0088629718005333;0.10235637355324993;0.24206042546016351;-9999
20201115;0.4324125302660124;0.07558194479646829;0.1320017592985295;-9999
20201116;0.4875997532748893;0.1300874302967858;0.18711204509404247;-9999
20201117;-9999;-9999;-9999;-9999
20201118;-9999;-9999;-9999;-9999
20201119;0.8332263916073591;0.09124684821827796;0.15979685528043103;-9999
20201120;0.6108135642525391;0.14952622528253579;0.18993219170921966;-9999
20201121;0.5373649013431523;0.09424464452600237;0.14538593434866678;0.3204856701438286
20201122;0.528761555060684;0.10857962087178703;0.1899356432168193;0.38389510918430286
20201123;0.495004188727543;0.1398098310531196;0.14903586393513932;-9999
20201124;0.4650609247353907;0.15238361997215957;0.18970045994344062;-9999
20201125;0.6098485809225084;0.2568484685753683;0.23428556483620414;-9999
20201126;0.596760289955293;0.2519927765817985;0.2776218400384333;0.4086375975539863
20201127;0.4497631013152827;0.2717102880720491;0.2826741479521164;0.3300200414390406
20201128;0.424103007541803;0.2668519337684258;0.2827187322122853;0.3238990862816235
20201129;0.42316429180946297;0.2501964524120273;0.25565765141077823;0.33998151858433406
20201130;0.46141376397562733;0.28685675412417966;0.2876231618726689;0.3717575762738694
20201201;0.37932147018632434;0.29046675747153744;0.2906414345199894;0.30780122304005625
20201202;0.392523825617745;0.29555213289090637;0.2955942030731038;-9999
20201203;0.387045001774508;0.22799354640881767;0.2436314542905543;-9999
20201204;0.410450365574821;0.3176173605020876;0.3138876342124611;0.3441544403517945
20201205;0.3074061203323537;0.20433844822266117;0.2073973508304759;0.2586646078708181
20201206;0.36659846235901533;0.2634532323478326;0.2502966141311978;-9999
20201207;0.5884268883443616;0.2515718870905766;0.24898737586017233;-9999
20201208;0.3769543022035333;0.2240962570723265;0.23031480816403838;0.32263568813506566
20201209;0.372919069724561;0.2526776250712201;0.2312922864375481;0.2923718562029738
20201210;0.37184111656974933;0.23643406600902497;0.2520460784613662;-9999
20201211;0.45477021559221864;0.2726861671594703;0.2780401980717138;-9999
20201212;-9999;-9999;-9999;-9999
20201213;-9999;-9999;-9999;-9999
20201214;1.0309505278125133;0.5608455072945534;0.5933769569110637;-9999
20201215;0.6503751535004517;0.33424255698924593;0.3561670546790685;-9999
20201216;-9999;-9999;-9999;-9999
20201217;1.1867031121420701;0.7413501801717773;-9999;-9999
20201218;0.7700300832952237;0.5169937537866574;0.5422936784659781;0.4984650385477539
20201219;0.69581102077329;0.5535229173827224;0.5790793050948073;-9999
20201220;0.8515100430388469;0.6817214806812114;0.6819373539668403;-9999
20201221;0.7385685679765253;0.5744988048817231;0.5768794515348076;-9999
20201222;0.825981434935689;0.6531279449952166;0.6498529464603107;-9999
20201223;0.6896915092008596;0.5151604937761197;0.5258381075284552;-9999
20201224;0.5211545234820221;0.2880865033466081;0.3319262805337291;0.37547320441371845
20201225;-9999;-9999;-9999;-9999
20201226;-9999;-9999;-9999;-9999
20201227;0.6103581403638656;0.41107719697724393;0.42607219913215133;-9999
20201228;0.7377002337086557;0.5593021525214257;0.5709190648560779;0.513860587562815
20201229;0.9023014696924362;0.757971949051357;0.7830616157553305;-9999
20201230;0.6111698379823293;0.3405493841767764;0.31966690024434175;-9999
20201231;0.9752164095598733;0.7392688066919605;0.7547863326944019;-9999
20210101;0.6551226038393984;0.48430633636072135;0.49188688332471975;-9999
20210102;-9999;-9999;-9999;-9999
20210103;0.49749869931007434;0.25473834285868013;0.2520662380059871;0.2734009307037361
20210104;-9999;-9999;-9999;-9999
20210105;0.9955553845466586;0.8855749167365887;0.8862488207521318;-9999
20210106;-9999;-9999;-9999;-9999
20210107;0.7562903825383204;0.623570420223667;0.6346267081960915;-9999
20210108;-9999;-9999;-9999;-9999
20210109;1.0866599040251466;0.93518081523505;0.9614326698109823;-9999
20210110;-9999;-9999;-9999;-9999
20210111;0.7068119835516559;0.49732990238796954;0.5053194460110599;-9999
20210112;0.31659183443171;0.08507174753741041;0.08717171320501335;0.2032559950084278
20210113;0.6366487394351518;0.32263252634284767;0.39205683299086314;-9999
20210114;1.3114972562629934;1.0215389331248723;1.0336542426140178;-9999
20210115;1.1355007907434134;0.8269157655417889;0.8186508193600481;-9999
20210116;1.4355244412214334;1.1093471660285743;1.1165136066751422;-9999
20210117;1.3632509376561865;1.2023256279467147;1.2241396521281551;-9999
20210118;1.7797510258635334;1.1961194517170173;1.2282092260741566;-9999
20210119;1.6210681148937967;1.063288950245194;1.0787200468944542;-9999
20210120;1.1448114209106233;0.9269066890059583;0.9249078165872815;0.9146248541563577
20210121;0.9019653801674714;0.7476284668986558;0.7868002612038631;0.7859216338017214
20210122;-9999;-9999;-9999;-9999
20210123;1.1951812474382566;1.1111942801750165;1.1235118592682876;-9999
20210124;0.5233685865806726;0.3133770485352959;-9999;-9999
20210125;1.4004282106805366;1.2120765059357173;1.2127398960444333;-9999
20210126;-9999;-9999;-9999;-9999
20210127;-9999;-9999;-9999;-9999
20210128;-9999;-9999;-9999;-9999
20210129;0.8850539006492161;0.8069909602256847;0.8116129604284348;-9999
20210130;0.75332781992425;0.6096607508135955;0.6061428774449354;0.7195182500826713
20210131;0.6333582395880804;0.37600973556494455;0.372203660389257;-9999
20210201;0.6105855877526959;0.4399229776469735;-9999;-9999
20210202;-9999;-9999;-9999;-9999
20210203;-9999;-9999;-9999;-9999
20210204;1.2962492485968566;1.1956380803251534;1.1885881855409037;-9999
20210205;1.28612475943589;1.149655509663531;1.1492746876957964;1.0635668810926162
20210206;1.49863447952925;1.4170889044571253;1.4070430392364766;-9999
20210207;1.4670523443566899;1.3334015979377862;1.36734170395428;1.2058365553204813
20210208;0.8304754445038546;0.6973703483542374;0.6940429384789765;0.6101553384607811
20210209;1.01029208239518;0.8887539958375541;0.8897884136074238;0.8684439675017608
20210210;1.2143405674702465;1.1403639165608233;1.1795877251889593;1.003365564155013
20210211;-9999;-9999;-9999;-9999
20210212;1.2441278143229133;1.0872907980563387;1.086010213449678;-9999
20210213;1.890696300095067;1.7231315384345824;1.7159535958623207;-9999
20210214;0.81650446990083;0.5591581832330405;0.5649583044338408;-9999
20210215;-9999;-9999;-9999;-9999
20210216;1.2460453018404134;1.1127595250357711;1.1070558789319587;-9999
20210217;1.6778369127408432;1.5108783558613919;1.5350628840419482;-9999
20210218;1.15795114525287;0.9266981582672043;0.9089713442154602;0.8617197145699678
20210219;1.46683734663043;1.272426918682525;1.2570324625812324;-9999
20210220;2.118093660476763;1.8865601646425725;1.8824665655337962;-9999
20210221;2.012911813015743;1.8093283240499747;1.8054850829660376;-9999
20210222;1.6712540507581266;1.5413163288013545;1.6006489539452522;1.2596585663137594
20210223;2.4002046739341467;2.0755589302671233;2.065874670188393;-9999
20210224;2.4343290207236468;1.987291454464049;1.9656102036869274;-9999
20210225;2.183329960865087;1.896123750896452;1.8969814925389137;-9999
20210226;2.0278029600201433;1.6996655778450092;1.6823046311103256;-9999
20210227;1.8551632306245767;1.6459513291330352;1.6422976290955238;-9999
20210228;1.8828553711143565;1.8001845864820079;1.7985873971014212;-9999
20210301;1.5356208292410933;1.3565266618212428;1.3278413256876287;1.2613506646957566
20210302;1.70836524179035;1.5661392941972483;1.5597338073267286;1.49425811206374
20210303;1.7814300792592135;1.5758617868712257;1.550655159982167;-9999
20210304;1.2331815590473332;1.1416634124442178;1.1379589376009165;-9999
20210305;1.1143146734166434;0.944169234534398;0.9714920570954189;-9999
20210306;2.33978319145786;2.1970081551023335;2.194058138064334;-9999
20210307;2.1237397251184102;1.9464098239176648;1.9411563937182257;-9999
20210308;-9999;-9999;-9999;-9999
20210309;-9999;-9999;-9999;-9999
20210310;-9999;-9999;-9999;-9999
20210311;2.3240331812676165;2.1716735045378965;2.2046008094145404;-9999
20210312;2.5833576480778064;2.421007437569295;2.416541899841128;-9999
20210313;1.8206399846736534;1.6952851573383176;1.6981046334394645;1.2862274018885762
20210314;-9999;-9999;-9999;-9999
20210315;2.6585587358630334;2.1368261697750937;2.094256472935064;-9999
20210316;1.8685577586223634;1.7697447247903635;1.7644203541257881;1.3821728555120507
20210317;1.3777237422844932;1.2185078364209712;1.2139342148089944;-9999
20210318;-9999;-9999;-9999;-9999
20210319;2.1019428217049803;1.9544691265024132;1.9539084423851083;-9999
20210320;1.8052036518252;1.63571110426024;1.6334727142086105;-9999
20210321;2.572969223864986;2.399080754697493;2.3965120746797175;2.224250576914204
20210322;2.45320698453293;2.1177790756008616;2.113395443136665;-9999
20210323;2.65294597409153;2.4607438555972734;2.5332089873798083;-9999
20210324;2.682848291709733;2.415765912103745;2.406687446224015;-9999
20210325;2.5407606773357903;2.3552827549044353;2.3535757423051713;-9999
20210326;2.430548162938216;2.298146377721222;2.2878773307533544;2.0687862732250304
20210327;2.6803072811810735;2.368127351598128;2.399242177233131;1.9703070846407298
20210328;2.842891535782153;2.57009486206798;2.5366630338426965;2.267163319212342
20210329;2.52552165736028;2.3441348047590784;2.3278026431491887;2.0670549932049007
20210330;3.3067468780797102;2.9666624419227015;2.953454924830575;2.8878210796419217
20210331;2.791882631039487;2.4787055479750877;2.5097884307222618;-9999
20210401;2.51411455589107;2.2995341486229193;2.2795096607917844;-9999
20210402;2.02057486360789;1.6621458053997589;1.6823737048338374;1.585328232596088
20210403;1.4142985953313367;1.2358481270722252;1.235983753111567;1.1587647384108244
20210404;1.6326708998586668;1.4662651887446754;1.4730895162928588;-9999
20210405;1.63924914934971;1.510002074369522;1.5095010867384477;1.4243239144566886
20210406;1.4386570605480369;1.3778617688647072;1.3727516859632172;-9999
20210407;1.8652617462611065;1.702999771891426;1.700147394610802;-9999
20210408;2.2273960516812696;1.969762873150256;1.961245907498685;-9999
20210409;2.110921512730657;1.8877403635878074;1.8583881961733988;1.8052693059199207
20210410;2.3364395308753134;2.1120025463109497;2.094724192042851;-9999
20210411;2.1692844341496063;2.0198197426507005;2.033043726898807;-9999
20210412;1.9501844742528;1.7816321579932952;1.7880162332726388;1.5779649477737767
20210413;2.20548668996043;1.7939785305645601;1.8257658736930902;-9999
20210414;1.6842346944761502;1.4231976420416692;1.4397380702867728;-9999
20210415;1.6717108411454535;1.483428257542828;1.4378085813838113;1.3030880165267589
20210416;1.6601669024227732;1.5592509681836024;1.5605912736695626;-9999
20210417;2.0569776669387436;1.5832362290814415;1.8049845052440674;1.4270096914375914
20210418;2.4374039622863832;2.009898246154988;2.0046916936196624;-9999
20210419;1.9753386961240567;1.6990321046442136;1.6893385017544458;-9999
20210420;1.8442266470331898;1.5943040505281048;1.5909454356322266;-9999
20210421;1.8344451561976467;1.7377148918865795;1.7554482057005847;1.4892891935413113
20210422;1.0930872469288133;1.0406011983656713;1.0512990726818852;-9999
20210423;1.5547708762230565;1.4424167277778976;1.439057777857177;-9999
20210424;1.2683304222798433;0.8442859214284566;0.8850697401244372;1.0522299292920314
20210425;2.0896259597066265;1.2259609847811601;-9999;-9999
20210426;1.9730473882437334;1.633379133850495;1.6188798706199699;1.227257786698651
20210427;2.6351071725722335;2.3636175882643973;2.3672327711523407;1.9397240421902724
20210428;2.847321299437833;2.5245135303608017;2.5282865092420255;-9999
20210429;2.756392160405;2.426899216814028;2.4142274023442543;2.1846635792625606
20210430;2.2596004682366466;2.1021686600890277;2.09445217164695;1.9334622848197223
20210501;2.0999927305755333;1.8609736470721447;1.8643294313906826;-9999
20210502;2.615578224135293;2.3797683423694567;2.3820168781609925;-9999
20210503;3.0467030911703765;2.819409091347338;2.8216714537655916;-9999
20210504;3.242513651039607;3.017312368121651;3.020833755584211;2.920463908692851
20210505;3.3775440411334596;3.161361407219191;3.2019293533252307;2.871441813794195
20210506;2.09907315611678;1.93965534890805;1.934399843709321;1.82366781572325
20210507;2.25209980746271;2.0527243459791675;2.0497931602277317;-9999
20210508;3.060898793040233;2.8094397407944904;2.813269630568458;2.9311486640060385
20210509;2.5693640397862763;2.355676810381941;2.36147127860921;-9999
20210510;3.2161007370311765;2.9879840203686996;2.9989521361463143;2.947561106995663
20210511;3.1443231061663366;2.8973204403765163;2.9043941409622924;2.7488416572507686
20210512;2.6325851989209066;2.5039321762159608;2.5161936442467487;2.3165113510813664
20210513;2.2509743219592;2.1852499993210146;2.189423956514858;2.0598130084872905
20210514;2.4257200408086366;2.282898975807326;2.2760521220434566;2.259010926731406
20210515;1.7543326192029065;1.6490168271196237;1.6595090039236757;-9999
20210516;1.4942291568183699;1.4190792814554458;1.4164249486212854;1.3958028089253312
20210517;2.0123605995597065;1.9297577267201722;1.8103067495896206;2.0146796114298455
20210518;2.41242934812775;2.3038370174180725;2.2911137834839157;2.2214787766155086
20210519;1.8107607353897366;1.6178132570242072;1.610733645534052;-9999
20210520;1.6831409147578267;1.502160173465575;1.4995641684654233;1.5427192883281804
20210521;1.8988055787571134;1.6848687369979845;1.672025074273612;1.6613347632886695
20210522;1.9663291688968532;1.8268238404022232;1.848278109484279;1.8742938534655702
20210523;2.068412027575467;1.9796231977351229;2.0111352314422524;1.920790323563353
20210524;2.5356942081891765;2.41323351535646;2.4122137070108067;-9999
20210525;2.3665443624525966;2.231168502699548;2.2277768234303643;2.166296640083592
20210526;2.5576542431949467;2.416647358244288;2.3982130896926432;2.470752952532427
20210527;2.3579873939210167;2.2287682455938116;2.230347717186177;-9999
20210528;2.6183060483084497;2.538087373146116;2.5445612181838375;-9999
20210529;2.29742453003323;2.2504452513002513;2.2520559308050223;2.146780712333649
20210530;3.0754369594731266;2.8872027939358835;2.8703205100141087;2.7040905846129393
20210531;3.9229453751882297;3.70390143355683;3.6986546761985384;3.4367096863766604
20210601;2.99289413488526;2.88491328524621;2.8937319075065333;2.753196987421723
20210602;2.2247270756083;2.1468460822164372;2.149590982793135;2.0700466818364296
20210603;2.9592519236708164;2.6944173487317653;2.6869273283694155;2.417294812933446
20210604;3.1886170941405036;2.972817910586772;2.954229884335523;2.8708572522478106
20210605;3.029234030144193;2.771498029316268;2.749023217447903;2.6333005131384177
20210606;2.806371796405163;2.582454222430627;2.578342329796204;2.6710530402714308
20210607;1.99341444890439;1.8446782048954569;1.8232920447024419;1.8391364869411049
20210608;1.7602359210399967;1.6281670801876804;1.6023514823901623;-9999
20210609;1.88139090982703;1.7379003489556202;1.7094540106556948;1.7763332927109685
20210610;2.02597725750778;1.9223991155893505;1.898275940908007;1.8126360208924233
20210611;2.0509882297628033;1.9316571921025052;1.9302474819660207;1.9802824633981722
20210612;2.54813359200206;2.4278312491979683;2.435275863975289;-9999
20210613;2.3617873459342302;2.2937707955791695;2.293450642229936;2.2383490605259304
20210614;2.4854138812384363;2.3409867801269666;2.3270488193525845;2.2644363464525306
20210615;2.8298111999377995;2.6459694773261218;2.643412067057938;2.6442887742431633
20210616;3.86057102240984;3.592499797753615;3.591663587266104;3.1024220790952235
20210617;3.9287754756654767;3.6119451327059053;3.7025258959139586;3.1872862057896576
20210618;3.4423132714839397;3.0507750566637206;3.009006932293813;2.8420950248637573
20210619;2.402026010422913;2.174532123469766;2.154595639593409;2.119174526595564
20210620;2.0089886768510734;1.8774401984312334;1.8515696374603876;1.8386602012138815
20210621;1.4853441117441097;1.4217463337444871;1.426121964063286;1.4378413805637538
20210622;1.53841517688986;1.4653565756909301;1.47001694039395;1.4415269982233452
20210623;1.8713457939663003;1.7864017695507257;1.7966242976479532;1.771921966320761
20210624;1.9475204139502267;1.8940828513831618;1.897119464446006;1.83087010398975
20210625;2.0378931306704833;1.955190832269274;1.958997546370349;1.8966136702293817
20210626;2.037432330109517;1.952562151341504;1.9665863547458513;1.8756944560849078
20210627;1.7092079571360899;1.624358995031625;1.626774182871045;1.599914102900772
20210628;2.1417771881811336;2.02254435665683;2.0250236396042016;1.953899441261955
20210629;2.0540392075004963;1.8267917404422236;1.8362276271516724;1.8540772188031753
20210630;2.4084281433003167;2.322393990783115;2.3251955152803454;2.2383511914381087
20210701;1.8566563225790034;1.7878535954562094;1.787335770853597;1.765615089936425
20210702;2.22277383374173;2.133783679045963;2.1381234118040506;2.0461896235743326
20210703;1.9744029610888434;1.8808655488700141;1.8821404349999526;1.8608066559186733
20210704;1.698204187445177;1.6329023914026897;1.6334528040270337;1.6113568270298801
20210705;1.4723464308520668;1.4121542791278594;1.4131560767005762;1.4262628846963492
20210706;1.97892648790325;1.8861977153635885;1.889511106239915;1.8405738450157185
20210707;1.8684483007620833;1.7663795676921674;1.778031949823791;1.7023086398421698
20210708;2.5987123566435635;2.312720230381924;2.3328981499382007;2.2865920033800915
20210709;2.517085815423833;2.03634765046335;2.026607023963876;2.2242182389523113
20210710;3.1130942840358564;2.3171535177846923;2.262452806825768;2.322113217568117
20210711;1.9790680276825432;1.8836467501019871;1.8959779992666361;1.8573317701811898
20210712;1.4502623728286868;1.3507746577544608;1.362277171719131;1.366433113381434
20210713;1.7256376733918568;1.6406581307635513;1.6503808527343724;1.688924922595602
20210714;1.5538311804201967;1.4715769100004825;1.476548034404798;1.552297368339412
20210715;1.8820558759116732;1.7739031017974978;1.7833200596800196;1.8251621469674644
20210716;1.88839066066863;1.813671732945405;1.8193143983158668;1.8060888896949945
20210717;1.6869099899908264;1.5181195349196057;1.4927095603581029;1.5094505650667946
20210718;1.3886781930667464;1.1589525903307478;1.1155331517065574;1.2678910497785871
20210719;1.2178897971161633;1.0829541781106158;1.0540068401150655;1.1588277166830723
20210720;1.83036910001666;1.6664517546102164;1.675928384935668;1.6331254006963016
20210721;1.6082415713396168;1.4341786963035654;1.4221083259077811;1.5152813233967832
20210722;1.9226336052880901;1.8149253276132566;1.8241255830989922;1.8100056645574996
20210723;2.1429109843598195;2.019133507977439;2.0063787205238075;2.023017905483514
20210724;1.6985474757029932;1.619099779456006;1.628576825489983;1.6141597099360898
20210725;1.2952447887894734;1.2170645523106183;1.2152654490346841;1.204385715988772
20210726;1.2066008105215267;1.1449955722549177;1.152300115976252;-9999
20210727;1.8238260449545098;1.6652529048976488;1.6541749696574746;1.618558623032886
20210728;1.74539231888782;1.6306746736125608;1.62562723558155;1.533990170584341
20210729;1.4101199178874466;1.32811133641279;1.3332330107544454;1.352395318949573
20210730;1.1159012253945166;1.053689349103465;1.0540176936453713;1.0771022248555102
20210731;1.5517838070236032;1.4589052826485236;1.4658606623044832;1.526320642712116
20210801;1.4846618839910366;1.4023446249579556;1.3750921105435199;1.3803281229414746
20210802;1.3801281333369166;1.1883609424540584;1.1254980714810454;1.2666856547794527
20210803;1.2135998498137501;1.1311456452845359;1.1168041334317513;1.1817770272815051
20210804;1.5054678296138604;1.434182539699386;1.4366522884867066;1.4151785643273467
20210805;1.5364895675354535;1.430838893285718;1.439696540932541;1.3970448551745482
20210806;1.4576781235493732;1.3469027200827248;1.3493633760559194;-9999
20210807;1.8160492402702966;1.6509477481638073;1.6478565322955854;1.6186448449095867
20210808;1.2490375099055901;1.19817033727064;1.1996679840751265;-9999
20210809;1.10096534275327;1.021922375197433;1.0069681796007603;0.982282183506645
20210810;1.07528289788553;0.9295588978620292;0.9261003029533829;0.9664193508426546
20210811;1.85592017404091;1.607323642206464;1.6300445128965209;1.6912707352206169
20210812;1.2331513531519633;1.1733016869639674;1.1725704701239965;-9999
20210813;1.1079697197410432;0.9881940829889131;1.010249278264999;-9999
20210814;1.98533535784474;1.9202943081719073;1.927623951505636;1.8436673333266387
20210815;1.9318640526020168;1.832240900617481;1.842541198670992;1.7850449796519186
20210816;1.4642720798891267;1.2074961959125745;1.1550051601185423;1.3085078611910554
20210817;0.974559468095411;0.8464422898899189;0.8359849361572307;-9999
20210818;1.4554457069888365;1.394056595904;1.4240635994371447;-9999
20210819;1.37661694170239;1.3197722629878774;1.32657089632372;-9999
20210820;0.9716447001725173;0.937437986590054;0.9300025966900207;-9999
20210821;1.1588487379252632;1.1016147874731954;1.1010834210602032;-9999
20210822;1.2210720650175835;1.1599412248032341;1.1643174239155205;1.2341839595979567
20210823;0.9018921840385747;0.8498542500731092;0.8427378881936468;-9999
20210824;1.4665249515343233;1.3682541048748142;1.350939576918788;1.3727900744224883
20210825;1.4465534540328433;1.3789952464484463;1.3655325626032355;1.3309723036439505
20210826;2.181069421264987;1.904850602337303;1.900214780612366;1.8593463836442452
20210827;1.7288802425638101;1.5588631432315758;1.5517166245468286;1.45270980524071
20210828;1.2487242902381332;0.9800890575325236;0.9900105440604671;1.061136150842733
20210829;0.867417569240223;0.6875614185414469;0.6785998547819969;-9999
20210830;1.455565531007773;1.4008198298190067;1.4015656848268447;-9999
20210831;1.33498526052019;1.2574733935332048;1.2542927177663017;1.292650339921825
20210901;0.6140372992351243;0.5808321481545027;0.574574805662643;-9999
20210902;0.735398559567816;0.679590574146656;0.682782141383097;-9999
20210903;1.32132334067006;1.2611938281823238;1.2573214011628266;1.297470885097149
20210904;1.3609355129785865;1.2435666688527633;1.2329386671139588;1.1716391007517437
20210905;1.0788642179915933;0.8620401072140882;0.8635960170316377;0.9402580851962826
20210906;1.42703916537536;1.1669762186021349;1.1376440976112048;1.218055245646359
20210907;1.0860436956731532;0.6511046824754032;0.7348111790553927;0.9147151459742322
20210908;0.8468028597500076;0.5720912807831523;0.5375048158569715;-9999
20210909;0.58317903349435;0.40524730752820876;0.4162169818481109;0.5319011477584427
20210910;1.7913546280339068;1.3876560579793888;1.486556081948604;1.1762038065553282
20210911;1.1776817552227732;0.9909388163479534;0.9561045873414906;1.011019427583294
20210912;0.8322386619758526;0.6288049797914448;0.6317902585876397;0.7046743744276436
20210913;1.5850252527801298;1.3096746278304225;1.3161301932602574;1.3430871993638307
20210914;1.14782420711849;0.981578293258748;0.9649487120064011;1.0667220650120142
20210915;0.6373636400089473;0.5972434657943051;0.5970648482724383;-9999
20210916;0.6086738424443674;0.5372297372278106;0.5488317553300889;-9999
20210917;0.8786106674365156;0.8180696585130538;0.8274571538176949;0.9508603332106832
20210918;0.6629182973826726;0.4023338258867091;0.4055027156140587;-9999
20210919;2.689358096980527;1.6964574184075119;1.6877777947264916;-9999
20210920;1.6686432226676466;1.4698240542215746;1.479242915536392;1.4241821084479231
20210921;1.1814874198205734;0.8762412313904963;0.8461287424227111;1.0410577073306153
20210922;0.9201420238712967;0.5443360691053621;0.5319417524050417;0.8393375101305601
20210923;0.6495291889386533;0.35807815174961216;-9999;0.5416701435866277
20210924;1.1506653910326101;0.744882891149878;0.7537436059869547;1.0363598502198264
20210925;0.9381995410680454;0.8327957334250662;0.8450481968462203;0.8818349280401454
20210926;0.8562710966994808;0.7784576274216622;0.7822895806498613;0.8101012195035605
20210927;0.7057821142378327;0.5446727323016318;0.5348001657215137;-9999
20210928;1.1574149565270067;0.9572864565653479;0.9291299738516581;-9999
20210929;0.8252421652593737;0.7547617539203929;0.7717458425519799;-9999
20210930;0.6895840032123389;0.5855229561461397;0.5584559841844852;-9999
20211001;-9999;-9999;-9999;-9999
