TOA5,WES_02,CR6,20451,CR6.Std.12.00 RF4xx.02.00,CPU:2024_WES_EZ_FINAL_022924v6.CR6,27880,Flux_CSIFormat,,,,,,,,,,,,,,,,,,,,,,,,,,,,,,,,,,,,,,,,,,,,,,,,,,,,,,,,,,,,,,,,,,,,,,,,,,,,,,,,,,,,,,,,,,,,,
TIMESTAMP,RECORD,Site,batt_volt,FC_mass,FC_QC,FC_samples,LE,ET,LE_QC,LE_samples,H,H_QC,H_samples,H_FW,H_FW_samples,G,G_1_1_1,G_2_1_1,SG_1_1_1,SG_2_1_1,energy_closure,poor_energy_closure_flg,Bowen_ratio,TAU,TAU_QC,USTAR,TSTAR,TKE,TA_1_1_1,RH_1_1_1,T_DP_1_1_1,amb_e,amb_e_sat,TA_2_1_1,RH_2_1_1,T_DP_2_1_1,e,e_sat,TA_3_1_1,RH_3_1_1,T_DP_3_1_1,e_probe,e_sat_probe,H2O_probe,PA,VPD,P_Tot,Ux,Ux_SIGMA,Uy,Uy_SIGMA,Uz,Uz_SIGMA,T_SONIC,T_SONIC_SIGMA,sonic_azimuth,WS,WS_RSLT,WD_SONIC,WD_SIGMA,WD,WS_MAX,CO2_density,CO2_density_SIGMA,H2O_density,H2O_density_SIGMA,CO2_sig_strgth_Min,H2O_sig_strgth_Min,FW,FW_SIGMA,NETRAD,SW_IN,SW_OUT,LW_IN,LW_OUT,sun_azimuth,sun_elevation,hour_angle,sun_declination,air_mass_coeff,daytime,T_CANOPY,T_SI111_body,TS_1,TS_2,SoilWater_1,SoilWater_2,hydra1_temp,hydra2_temp,shf_plate_Avg(1),shf_plate_Avg(2),Duty_cycle_TS100_Fan_Avg,Freq_tach_TS100_Avg,FETCH_MAX,FETCH_90,FETCH_55,FETCH_40,UPWND_DIST_INTRST,FP_DIST_INTRST,FP_EQUATION
TS,RN,,V,mg m-2 s-1,Grade,samples,W m-2,mm hour-1,Grade,samples,W m-2,grade,samples,W m-2,samples,,W m-2,W m-2,W m-2,W m-2,fraction,,fraction,kg m-1 s-2,grade,m s-1,deg C,m2 s-2,deg C,%,deg C,kPa,kPa,deg C,%,deg C,kPa,kPa,deg C,%,deg C,kPa,kPa,g/m^3,kPa,hPa,mm,m s-1,m s-1,m s-1,m s-1,m s-1,m s-1,deg C,deg C,Decimal degrees,m s-1,m s-1,decimal degrees,decimal degrees,decimal degrees,m s-1,mg m-3,mg m-3,g m-3,g m-3,fraction,fraction,deg C,deg C,W m-2,W m-2,W m-2,W m-2,W m-2,decimal degrees,decimal degrees,decimal degrees,decimal degrees,adimensional,fraction,deg C,deg C,deg C,deg C,%,%,deg C,deg C,W m-2,W m-2,,Hz,m,m,m,m,m,%,authors
,,Smp,Avg,Smp,Smp,Tot,Smp,Smp,Smp,Tot,Smp,Smp,Tot,Smp,Tot,Smp,Smp,Smp,Smp,Smp,Smp,Smp,Smp,Smp,Smp,Smp,Smp,Smp,Smp,Smp,Smp,Smp,Smp,Smp,Smp,Smp,Smp,Smp,Smp,Smp,Smp,Smp,Smp,Smp,Smp,Smp,Tot,Smp,Smp,Smp,Smp,Smp,Smp,Smp,Smp,Smp,Smp,Smp,Smp,Smp,Smp,Smp,Smp,Smp,Smp,Smp,Min,Min,Smp,Smp,Avg,Avg,Avg,Avg,Avg,Avg,Avg,Avg,Avg,Avg,Tot,Avg,Avg,Avg,Avg,Avg,Avg,Avg,Avg,Avg,Avg,Avg,Avg,Smp,Smp,Smp,Smp,Smp,Smp,Smp
4/16/24 0:00,507,WES,12.72205,0.2366616,2,36000,6.560388,0.009593254,1,36000,-27.90001,1,36000,NAN,0,-31.29221,-48.05524,-14.52917,-18.54107,-7.496989,0.4376011,0,-4.252799,0.04364251,1,0.18956,0.120021,0.1767117,11.77813,68.95679,6.272646,0.9569885,1.387876,16.54315,51.49104,6.513132,0.9729888,1.890207,11.62584,88.61186,9.810147,1.217436,1.373961,9.263498,101.347,9.17218,0,0.4253762,0.3908877,1.232275,0.3867237,0.000156267,0.2259979,17.43106,0.2730271,0,1.36122,1.303631,70.95556,16.66065,289.0444,3.018029,819.7555,6.37464,7.277846,0.05732403,0.887033,0.8524528,NAN,NAN,-80.05722,-0.8254443,0.1456667,288.1567,367.2427,353.4438,-41.84256,175.0365,10.33625,NAN,0,10.16293,11.44406,12.46404,16.93063,27.50111,37.72445,12.69556,16.77,-29.51,-7.032,0.5,1986,25.70421,1009.52,117.6727,72.16351,666.6667,86.39326,KormannMeixner
4/16/24 0:30,508,WES,12.70673,0.1845041,3,36000,6.011518,0.008786924,3,36000,-19.7598,3,36000,NAN,0,-35.51421,-45.82038,-25.20804,-16.42041,-17.70609,0.3188467,0,-3.28699,0.03877276,1,0.1785353,0.09012172,0.1391672,11.35577,69.94434,6.073243,0.9438837,1.349695,16.10275,52.23078,6.31279,0.9596291,1.837939,11.23427,89.85309,9.630582,1.202845,1.338849,9.165069,101.3423,8.783099,0,0.1263997,0.3001806,1.118735,0.3859394,0.02068071,0.1981838,16.97704,0.2908334,0,1.166973,1.125854,83.55377,15.20465,276.4462,2.671814,834.5464,8.527913,7.188848,0.04315021,0.8870586,0.8525909,NAN,NAN,-78.633,-0.8252222,0.1315555,287.7395,365.4157,63.35735,-42.00119,-117.4627,10.34373,NAN,0,9.75094,11.09824,12.29108,16.81974,27.57333,37.73666,12.55556,16.66,-29.4,-7.502,0.5,1984,22.12228,830.4399,100.4474,61.74736,666.6667,88.19516,KormannMeixner
4/16/24 1:00,509,WES,12.70033,0.2209244,1,36000,5.760603,0.008418157,2,36000,-19.42818,1,36000,NAN,0,-38.70655,-55.19589,-22.21722,-25.70157,-14.09201,0.3509326,0,-3.372595,0.0365192,1,0.1732,0.09127256,0.1321663,11.06877,70.32707,5.87811,0.9312232,1.324136,15.85418,52.35848,6.119442,0.9469,1.808859,10.93661,91.13222,9.547629,1.196158,1.312556,9.123682,101.3313,8.619588,0,0.3556828,0.3088263,1.21854,0.355002,-0.01671497,0.2072015,16.71628,0.2151297,0,1.305981,1.269392,73.72789,13.55784,286.2721,2.91642,838.894,3.58368,7.099589,0.04260672,0.8869792,0.8525259,NAN,NAN,-77.653,-0.7842222,0.1402222,287.6758,364.4043,13.15254,-41.13945,-169.9612,10.35099,NAN,0,9.592642,10.74272,12.10465,16.7,27.32444,37.71666,12.36778,16.47111,-29.49,-8.12,0.5,1981,28.71845,1141.018,131.0822,80.47897,666.6667,85.13647,KormannMeixner
4/16/24 1:30,510,WES,12.70318,0.3233503,2,36000,37.46363,0.05473161,4,36000,-20.80618,1,36000,NAN,0,-34.70904,-47.26962,-22.14847,-17.62831,-13.46375,-0.3983867,0,-0.5553699,0.02899296,4,0.154246,0.1096696,0.1136772,10.72096,69.19946,5.302663,0.8954176,1.293858,15.56465,51.30653,5.546041,0.9106815,1.775641,10.58993,91.93785,9.335319,1.179189,1.282614,9.005238,101.3185,8.649593,0,0.3901006,0.3244129,1.074189,0.2921136,-0.04333708,0.1917821,16.39287,0.2096618,0,1.186996,1.142833,70.04101,15.62395,289.959,2.624225,843.5397,7.200226,6.834942,0.2771627,0.8829027,0.851461,NAN,NAN,-76.52133,-0.7974444,0.1164444,286.931,362.5384,22.51653,-39.3099,-162.4599,10.35828,NAN,0,9.199597,10.42969,11.93969,16.59619,27.29333,37.71222,12.19778,16.29555,-29.64,-8.68,0.5,1978,29.32873,1195.889,135.7116,82.731,666.6667,84.668,KormannMeixner
4/16/24 2:00,511,WES,12.68668,-1.511997,7,36000,10.52101,0.01536636,7,36000,33.34892,7,36000,NAN,0,-37.31992,-49.56022,-25.07963,-19.60539,-15.86107,-1.120551,0,3.169745,0.1737349,7,0.377391,-0.07177033,0.794825,10.52616,70.56459,5.404366,0.9011148,1.27738,15.28914,52.54585,5.644097,0.9162431,1.745044,10.41457,91.75219,9.131568,1.163195,1.267817,8.888509,101.3262,8.288011,0,0.2259454,0.67557,0.3663068,1.042418,-0.03164137,0.2159181,16.12163,0.4644927,0,1.206849,0.4303894,58.33313,64.97076,301.6669,3.828593,845.1274,18.38335,6.88316,0.04329291,0.88594,0.852031,NAN,NAN,-76.47022,-0.7704444,0.1441111,285.9966,361.5522,31.23167,-36.61356,-154.959,10.36575,NAN,0,9.016802,10.29327,11.7595,16.4811,27.32778,37.73555,12.02778,16.2,-29.95,-9.22,0.5,1976,91.42002,254.856,130.3838,98.64357,666.6667,99.52852,Kljun et al
4/16/24 2:30,512,WES,12.66767,0.1991801,7,36000,-3.795769,-0.005537246,7,36000,-3.141182,7,36000,NAN,0,-33.03867,-51.28992,-14.78742,-20.56446,-5.128677,0.2348369,0,0.8275484,0.0459027,7,0.1935373,0.0131232,0.3995062,9.236052,74.87464,5.015037,0.8770261,1.171383,14.04188,55.42135,5.257241,0.8919498,1.609509,9.278374,95.96384,8.666722,1.127144,1.174743,8.647779,101.3458,7.175597,0,-0.2260128,0.4142088,0.0844652,0.7761071,-0.02460853,0.1584335,14.84856,0.1474785,0,0.7723725,0.2412798,159.508,67.16713,200.492,2.96788,929.4675,8.690528,6.729775,0.05752382,0.8840186,0.8495872,NAN,NAN,-62.57811,-0.661,0.1612222,295.5769,357.3328,39.19809,-33.17647,-147.4577,10.37314,NAN,0,8.220953,9.367704,11.56775,16.3919,27.09444,37.59777,11.84555,16.03111,-30.72,-9.66,0.5,1971,1.024106,28.01917,10.47287,2.953018,666.6667,110.9594,KormannMeixner
4/16/24 3:00,513,WES,12.66318,0.2771429,9,36000,-3.232539,-0.004716317,9,36000,-12.7391,9,36000,NAN,0,-48.88721,-56.02021,-41.75421,-24.37689,-31.63371,-3.110289,0,3.940895,0.008389265,9,0.08274762,0.124516,0.0612215,9.31148,73.34516,4.792237,0.8634819,1.177354,14.19804,54.03542,5.037969,0.8784232,1.626149,9.165348,97.70882,8.822055,1.139098,1.165798,8.742935,101.3732,7.477254,0,0.03161227,0.1992576,1.097623,0.2680237,-0.008422555,0.1044161,14.99261,0.335331,0,1.11788,1.098083,88.3503,10.77922,271.6497,2.028146,915.4991,15.17671,6.624079,0.04531066,0.8841885,0.8497901,NAN,NAN,-43.75211,-0.6236666,0.1238889,313.6266,356.6312,46.41357,-29.12815,-139.9561,10.3803,NAN,0,8.106244,8.883408,11.35999,16.27093,27.17778,37.37111,11.61444,15.87556,-31.64,-10.12,0.5,1967,88.09337,3504.222,402.1613,241.6015,666.6667,67.37093,KormannMeixner
4/16/24 3:30,514,WES,12.65718,0.1232729,9,36000,-1.128024,-0.001645072,9,36000,-6.4335,9,36000,NAN,0,-40.39226,-55.30478,-25.47973,-23.11114,-14.7359,-2.64324,0,5.703335,0.007394265,9,0.07761956,0.06693576,0.0467876,8.918847,72.60604,4.269656,0.832492,1.146561,13.73523,53.66663,4.51118,0.8467065,1.577835,8.776883,97.60843,8.419542,1.108449,1.135614,8.519423,101.3705,7.311282,0,0.2050939,0.1811192,1.004376,0.2279019,-0.01504693,0.09397738,14.49988,0.2106761,0,1.040901,1.025096,78.45879,9.981009,281.5412,1.888735,921.2932,13.89026,6.395216,0.07480697,0.8847639,0.8504373,NAN,NAN,-37.53156,-0.6184444,0.1307778,318.2487,355.031,52.9393,-24.58717,-132.4552,10.38777,NAN,0,7.787887,8.656743,11.13132,16.12298,27.20778,37.39333,11.43444,15.75,-32.19,-10.74,0.5,1965,87.04144,4017.005,422.2007,249.4076,666.6667,65.94045,KormannMeixner
4/16/24 4:00,515,WES,12.64923,0.004093233,9,36000,-0.4605841,-0.00067159,9,36000,-1.790681,9,36000,NAN,0,-38.69879,-52.14577,-25.25181,-19.49573,-13.98998,-0.3477923,0,3.887847,0.002982913,9,0.04928503,0.02932709,0.03115166,8.687787,72.29449,3.985917,0.816014,1.128751,13.5645,53.20689,4.230076,0.8301349,1.560397,8.53602,97.85168,8.216003,1.093213,1.117209,8.409524,101.3641,7.302619,0,0.2282888,0.1764059,0.8031083,0.1654523,-0.005417855,0.06172361,14.31375,0.2011566,0,0.8493229,0.8349286,74.13191,10.54494,285.8681,1.520117,922.1511,16.18036,6.273804,0.02239784,0.8844675,0.8502409,NAN,NAN,-32.22578,-0.6052222,0.1071111,321.5493,353.0628,58.87083,-19.65487,-124.9542,10.39522,NAN,0,7.335845,8.310325,10.95287,16.01103,27.05889,37.41,11.25,15.63111,-32.65,-11.26,0.5,1964,137.2023,6961.641,691.7794,403.4977,666.6667,54.04749,KormannMeixner
4/16/24 4:30,516,WES,12.63131,0.227477,9,36000,-3.102941,-0.004523959,9,36000,-9.760158,9,36000,NAN,0,-42.56203,-56.07069,-29.05338,-22.7795,-17.28346,-0.9644725,0,3.145454,0.009751235,9,0.08909741,0.08840242,0.1071101,8.526587,72.17049,3.806335,0.8057864,1.11654,13.44367,52.96415,4.052277,0.8198553,1.548326,8.387821,98.12024,8.108465,1.085291,1.106069,8.352949,101.3452,7.284706,0,-0.1851757,0.4035199,0.8637125,0.2066917,0.007273914,0.09311479,14.18341,0.3168335,0,0.9635879,0.8833416,102.1007,23.375,257.8993,2.196371,910.8979,13.83569,6.198693,0.05102226,0.883822,0.8495991,NAN,NAN,-29.22511,-0.5554444,0.1096667,323.9784,352.5384,64.31435,-14.41398,-117.4525,10.4023,NAN,0,7.285717,8.135403,10.72895,15.86622,27.14667,37.48,11.10111,15.47111,-33.29,-11.77,0.5,1962,50.41334,2031.903,231.989,139.109,666.6667,77.58755,KormannMeixner
4/16/24 5:00,517,WES,12.62558,-0.1162434,8,36000,25.81567,0.03763546,8,36000,-1.722787,9,36000,NAN,0,-39.26462,-53.92054,-24.6087,-20.22417,-12.39724,1.834847,0,-0.06673416,0.009732514,7,0.08898881,0.01561784,0.06088123,8.498238,69.63029,3.262594,0.7759872,1.114465,13.3681,51.24327,3.505131,0.789408,1.540782,8.263021,97.69884,7.920753,1.071584,1.0968,8.251055,101.3593,7.513736,0,0.5005608,0.2694113,0.8640055,0.2057159,-0.04087759,0.08283102,14.08003,0.3563187,0,1.037214,0.998532,59.91423,15.64248,300.0858,1.843206,911.2359,12.90071,5.970012,0.2394945,0.8776001,0.8479659,NAN,NAN,-26.13389,-0.5672222,0.09655555,325.8087,351.2788,69.37284,-8.928225,-109.9516,10.40977,NAN,0,6.996873,8.02322,10.53848,15.75291,27.27,37.5,10.90889,15.38,-33.7,-12.21,0.5,1960,58.74481,1317.153,211.9562,135.8825,666.6667,81.83004,KormannMeixner
4/16/24 5:30,518,WES,12.61998,0.1599137,9,36000,-0.3471446,-0.000505996,9,36000,-5.728975,9,36000,NAN,0,-42.71317,-56.48481,-28.94152,-22.57927,-16.35271,-0.3176143,0,16.50314,0.005047336,9,0.06406433,0.07209361,0.05293547,8.333367,70.88914,3.365495,0.7811471,1.101956,13.18314,52.21367,3.60738,0.7946064,1.522081,8.141848,97.57464,7.781261,1.061329,1.087707,8.175703,101.3602,7.274742,0,0.1776615,0.2646976,0.8765354,0.1714113,-0.01507834,0.08015172,13.89931,0.208006,0,0.9333131,0.8943598,78.54217,16.54793,281.4578,3.607759,909.4694,12.44164,6.0133,0.08226476,0.8802603,0.8472675,NAN,NAN,-23.58267,1.210556,0.3953333,326.6044,351.0023,74.14673,-3.166254,-102.4507,10.41725,NAN,0.02222222,6.944632,7.875871,10.35451,15.62742,27.16445,37.48889,10.73444,15.2,-33.91,-12.59,0.5,1959,97.74546,4039.945,453.1086,270.9855,666.6667,64.61568,KormannMeixner
4/16/24 6:00,519,WES,12.62608,-0.1487362,9,36000,3.111036,0.004534787,9,36000,0.8312699,9,36000,NAN,0,-50.17916,-60.27902,-40.0793,-26.56456,-27.17754,0.06013142,0,0.2672004,0.003220456,7,0.05117253,-0.01309492,0.1592117,8.531878,70.84255,3.547725,0.7913428,1.11713,13.21943,52.74297,3.781749,0.8045067,1.526153,8.206797,97.575,7.845993,1.066136,1.092634,8.210741,101.3798,7.216464,0,0.2951218,0.4594691,0.5633597,0.3114121,-0.003208133,0.1016569,13.94446,0.4566805,0,0.7926863,0.6359793,62.35172,36.0146,297.6483,1.670838,904.0358,23.40601,6.087366,0.1163587,0.8844054,0.8504125,NAN,NAN,15.38233,44.50245,5.550222,329.071,352.6409,78.73107,2.753918,-94.94901,10.4244,18.30986,1,7.385182,8.083275,10.17947,15.48544,26.95555,37.46667,10.61778,15.01111,-33.72,-12.9,0.927,3565,54.41254,389.7554,120.3777,87.15253,666.6667,95.54781,KormannMeixner
4/16/24 6:30,520,WES,12.67167,0.2828968,9,36000,2.734611,0.003990518,9,36000,-12.99998,9,36000,NAN,0,20.27573,73.93916,-33.38771,99.89928,-20.43792,-0.1627808,0,-4.753866,0.01264166,9,0.1016007,0.1035396,0.09237383,9.77475,70.62315,4.695032,0.8581745,1.215696,14.37732,53.0038,4.92601,0.8721266,1.646259,9.327036,96.86118,8.853086,1.142038,1.179505,8.75988,101.3863,7.741326,0,0.1778543,0.3264691,0.8616543,0.2527609,-0.02033387,0.1194886,15.16675,0.7226034,0,0.9394288,0.8798166,78.33729,20.40426,281.6627,1.792985,853.6368,22.55383,6.572048,0.2378205,0.8866907,0.852505,NAN,NAN,83.33822,135.1838,21.56811,330.5974,360.8749,83.21614,8.450963,-87.44784,10.43176,6.749123,1,9.337093,9.533132,10.37677,15.30388,27.15333,37.24333,10.89333,14.98222,-25.97,-12.95,1,3857,38.81977,1524.724,177.0232,107.1768,666.6667,81.62705,KormannMeixner
4/16/24 7:00,521,WES,12.74822,-0.07942931,9,36000,27.34024,0.03997649,9,36000,4.121738,9,36000,NAN,0,12.73263,36.29404,-10.82879,45.96353,1.451811,0.3446586,0,0.1507572,0.01259576,3,0.1018033,-0.03298773,0.08462609,12.13714,69.70438,6.767608,0.9908675,1.422234,16.46137,53.47743,6.986605,1.005878,1.881253,11.60563,92.08858,10.36192,1.263545,1.373085,9.614606,101.3967,8.753746,0,0.3649629,0.2773347,0.4708446,0.2714156,-0.0195866,0.1366427,17.37873,0.6062711,0,0.6681201,0.5957271,52.21985,26.66282,307.7802,1.73223,795.4744,15.91947,7.52552,0.2916123,0.8884382,0.8541349,NAN,NAN,104.0171,225.7027,45.22611,298.3089,374.7683,87.69507,14.33629,-79.94691,10.43924,4.035881,1,12.48225,12.49721,11.23077,15.19344,27.23444,37.32778,11.42444,14.99333,-9.67,-12.28,1,3887,20.44621,170.2879,50.19504,34.33041,666.6667,98.59515,KormannMeixner
4/16/24 7:30,522,WES,12.81911,-0.3114497,7,36000,69.29949,0.1014763,7,36000,12.76841,7,36000,0,1,13.24652,13.65406,12.83897,24.37542,22.98069,0.5392553,0,0.1842497,0.02115737,6,0.1322782,-0.07904251,0.2186712,13.95455,62.92379,6.998609,1.006659,1.600642,17.97542,49.33114,7.201471,1.020774,2.069435,13.25151,82.62157,10.351,1.262507,1.529034,9.552068,101.414,10.48661,0,0.1536875,0.3917044,-0.5060421,0.4924521,-0.06151664,0.2034725,18.91107,0.2826203,0,0.7563748,0.5288664,286.8938,44.42374,73.10623,1.938604,770.4641,3.641952,7.597629,0.2966653,0.8910596,0.8564893,-49.14008,0,165.434,323.8305,66.84355,294.3352,385.8882,92.26842,20.26551,-72.44554,10.44645,2.889313,1,14.54211,15.84094,11.47657,15.32786,27.04555,37.40111,11.63556,15.24444,-10.72,-10.14,1,3898,10.34011,88.44003,27.47955,17.53902,666.6667,99.44065,KormannMeixner
4/16/24 8:00,523,WES,12.99705,-0.4520594,3,36000,137.0807,0.2008701,3,36000,64.20912,3,36000,30.73439,121,22.42657,19.50941,25.34374,28.66498,32.2132,0.9206859,0,0.4684037,0.0389126,3,0.1796205,-0.2934344,0.1606065,14.9261,60.2566,7.279797,1.026667,1.704399,18.70424,48.00902,7.470304,1.04017,2.166666,14.07835,78.28681,10.35125,1.262801,1.613523,9.526625,101.4164,11.26496,0,-0.2483872,0.3725291,-0.5794615,0.3515633,-0.02986186,0.2425661,19.66016,0.463208,0,0.7581984,0.6304525,246.7976,33.24813,113.2024,1.812001,776.3972,5.769744,7.722445,0.3829263,0.8914979,0.8568151,-47.8341,1.864972,241.0569,425.4253,86.24122,295.9947,394.1219,97.0498,26.18352,-64.94421,10.45374,2.268648,1,15.86128,18.14267,11.72661,15.58517,27.28778,37.12333,11.94889,15.56333,-9.16,-6.872,1,3955,7.286556,64.80893,19.91051,12.22358,666.6667,99.71397,KormannMeixner
4/16/24 8:30,524,WES,13.12307,-0.5222276,3,36000,160.174,0.2349512,3,36000,97.85516,4,36000,-103.3492,154,73.58516,106.9476,40.22275,111.0759,43.24544,1.058,0,0.6109303,0.02960575,4,0.1570018,-0.5135512,0.2220626,16.10897,59.60757,8.24212,1.096313,1.839005,19.77195,47.9213,8.427535,1.110232,2.316127,15.21599,76.14674,11.04306,1.322434,1.73685,9.936786,101.3902,12.05895,0,-0.4520976,0.4509976,-0.4247149,0.414719,-0.054578,0.2621729,20.79654,0.6047614,0,0.7964297,0.6203029,223.2113,38.09115,136.7887,1.918486,765.5316,4.511225,8.212221,0.3997209,0.8920549,0.8572106,-47.91174,2.151016,317.469,525.4433,103.7704,299.1245,403.3283,102.1773,32.04131,-57.44333,10.46121,1.886361,1,17.42046,19.33987,12.17911,15.87542,27.36778,37.24444,12.33,16.01778,-4.137,-3.026,1,3995,7.028315,55.76118,17.93209,11.43124,666.6667,99.81993,KormannMeixner
4/16/24 9:00,525,WES,13.19191,-0.5740201,3,36000,103.2496,0.1515801,3,36000,61.99611,3,36000,136.72,324,102.0142,153.3668,50.66168,136.142,49.3576,0.5782328,0,0.6004488,0.04030129,4,0.1834824,-0.2792382,0.31602,16.84291,59.64838,8.939444,1.149114,1.926356,20.65085,47.60306,9.132773,1.164258,2.444871,16.11231,74.23709,11.52665,1.365339,1.838921,10.22762,101.3793,12.80613,0,-0.7272781,0.4625428,-0.6758009,0.573404,-0.06464159,0.2988346,21.7288,0.4594235,0,1.132636,0.9927959,222.8989,28.46138,137.1011,2.838338,770.5734,4.95864,8.586285,0.3815457,0.8924911,0.8573018,-47.62495,2.105995,387.7914,613.511,117.4249,302.925,411.2197,107.828,37.78229,-49.94214,10.46849,1.633188,1,18.85699,19.36544,13.68273,16.23149,27.68555,37.31111,13.36222,16.62222,17.21,1.3,1,4017,15.18123,119.1412,36.44879,24.87739,666.6667,99.2824,KormannMeixner
4/16/24 9:30,526,WES,13.34523,-0.5367185,3,35961,155.188,0.2279732,3,35961,83.89633,3,35961,3.581101,4916,52.01963,54.78593,49.25333,36.05065,42.85318,0.607452,0,0.5406108,0.0458918,1,0.196038,-0.3544776,0.4422397,17.19327,60.14582,9.394463,1.184681,1.969727,21.3,47.21111,9.603344,1.201486,2.544464,16.79563,72.87405,11.90282,1.399602,1.920687,10.45967,101.3662,13.42978,0,-0.4280587,0.6211952,-0.937279,0.6307259,-0.1173002,0.3174599,22.41446,0.4774956,0,1.208101,1.0304,245.4537,31.06548,114.5463,3.353695,777.197,4.585866,8.841356,0.3460018,0.8801647,0.8497572,-45.42611,3.87921,445.6052,684.3427,127.5669,307.1526,418.3232,114.2335,43.33187,-42.44046,10.47571,1.457786,1,20.39695,20.44234,14.41293,16.63519,27.51778,37.27,14.01778,17.30444,18.74,6.396,1,4065,14.05253,109.8049,33.78808,22.97783,666.6667,99.37717,KormannMeixner
4/16/24 10:00,527,WES,14.11166,-0.6926997,1,36000,251.604,0.3699089,1,36000,127.679,1,36000,-39.83962,22032,61.56368,47.3963,75.73107,31.44263,64.0451,0.817626,0,0.5074602,0.0627394,4,0.2295349,-0.4620483,0.4379187,18.06523,56.58048,9.292936,1.177541,2.081169,22.13898,44.54972,9.499444,1.194103,2.678757,17.69054,68.19194,11.7516,1.386131,2.032694,10.32701,101.3689,14.84654,0,-0.4856993,0.5968485,-0.6003706,0.639834,-0.057558,0.3319964,23.25051,0.6010822,0,1.022014,0.7722367,231.0271,40.04361,128.9729,3.531055,769.1588,5.331963,8.761685,0.5048033,0.8936648,0.8589556,-42.29815,5.341144,525.447,781.6086,143.0081,313.2013,426.3549,121.6983,48.58449,-34.93958,10.48318,1.333845,1,21.70312,20.61039,14.55157,17.04722,27.44,37.13444,14.26778,18.01333,15.95,11.68,1,4296,49.41471,137.7206,70.39635,53.26681,666.6667,99.65412,Kljun et al
4/16/24 10:30,528,WES,14.38815,-0.6876854,1,36000,241.5596,0.3553043,1,36000,116.8389,1,36000,-138.2657,30757,124.6502,167.371,81.92932,147.0116,64.83521,0.7948202,0,0.4836853,0.0210937,7,0.1332059,-0.7297627,0.7210662,18.7551,54.87677,9.482775,1.192395,2.173159,22.61269,43.79966,9.67824,1.208248,2.75699,18.2606,66.5333,11.9244,1.401792,2.106821,10.42328,101.3647,15.48742,0,-0.09693279,0.8529105,-0.5128775,0.7657923,-0.08625044,0.3581035,23.73927,0.5917022,0,1.140105,0.521958,259.2975,59.64286,100.7025,4.018213,765.4688,5.312758,8.851305,0.4702085,0.8713964,0.8384022,-39.17645,6.447611,575.5679,844.1252,153.3464,316.7331,431.9441,130.6136,53.38845,-27.4387,10.49057,1.245988,1,22.21994,21.05113,15.17987,17.62037,27.75,37.13778,14.67778,18.75333,20.35,17.09,1,4385,5.586354,43.45616,14.18065,8.963769,666.6667,99.98132,KormannMeixner
4/16/24 11:00,529,WES,14.36142,-0.4920407,3,36000,232.0646,0.3415203,3,36000,111.4739,3,36000,-127.0705,34827,245.8925,408.2277,83.55736,361.8943,62.26382,0.998181,0,0.4803573,0.06653287,3,0.2368146,-0.3924194,0.4408658,19.23253,53.56541,9.568833,1.199295,2.238837,23.16459,42.61744,9.767836,1.215502,2.850587,18.74618,64.69791,11.96196,1.405327,2.171947,10.43212,101.3496,16.35086,0,-0.698436,0.5926533,-0.5106913,0.6501032,-0.04422939,0.3284195,24.30027,0.5673162,0,1.118212,0.8652294,216.1739,38.52726,143.8261,3.085167,767.6041,4.866664,8.88792,0.4690028,0.8807417,0.8459432,-35.23541,7.194695,590.0571,865.7969,157.0869,317.6819,436.3348,141.4172,57.52395,-19.93691,10.49768,1.185242,1,22.52101,22.0204,17.72504,18.15375,28.08666,37.02889,15.89,19.48222,46.3,21.29,1,4375,50.32327,140.2652,71.69523,54.2492,666.6667,99.64742,Kljun et al
4/16/24 11:30,530,WES,14.31839,-0.6886728,3,36000,279.4391,0.4114852,3,36000,115.4398,3,36000,-53.26321,35668,244.3505,404.4918,84.20922,311.3958,59.09602,1.022323,0,0.4131126,0.04380249,2,0.1923394,-0.5014018,0.9229033,19.88271,50.52242,9.28945,1.177615,2.331135,23.78194,40.30729,9.485957,1.193385,2.958823,19.41584,61.40259,11.79899,1.390356,2.264494,10.29749,101.3521,17.65438,0,0.8042059,0.9157258,-0.5328057,0.9311233,-0.092815,0.3745163,24.89917,0.5985598,0,1.413493,0.9646919,326.4745,45.64206,33.52548,4.404805,770.6581,5.373336,8.707959,0.555342,0.8931228,0.8564146,-32.02206,7.626693,630.6069,921.0388,166.8085,318.6805,442.304,154.4204,60.69102,-12.43601,10.50513,1.146577,1,22.93027,22.84958,20.7532,18.67384,28.73444,36.93222,19.28778,20.24889,93.1,25.11,1,4360,11.55539,87.31207,27.68275,18.71736,666.6667,99.58435,KormannMeixner
4/16/24 12:00,531,WES,14.27135,-0.7887884,3,36000,394.1817,0.5808983,3,36000,151.3821,3,36000,-217.9831,35952,229.7586,361.6681,97.84914,241.9022,68.91801,1.327375,-1,0.3840415,0.1334422,1,0.3361951,-0.3772238,1.139305,20.55421,48.98341,9.435396,1.190449,2.429881,24.58284,38.81705,9.638236,1.206935,3.104748,20.24314,59.18371,12.01719,1.411119,2.383729,10.4216,101.3381,18.97813,0,1.174103,0.9418987,-0.5894138,1.084218,-0.09485672,0.4646583,25.71611,0.6887231,0,1.719505,1.313749,333.3429,39.34737,26.65714,5.82251,768.8307,6.235254,8.782624,0.6992342,0.8929806,0.8559828,-28.20627,7.745546,640.7682,938.3842,170.9542,320.474,447.1358,169.4538,62.5448,-4.935122,10.51252,1.126462,1,23.27166,23.31489,23.07473,19.18648,29.16222,36.78778,22.12111,20.98222,119.8,28.93,1,4346,51.32081,143.2093,73.14388,55.34273,666.6667,99.60758,Kljun et al
4/16/24 12:30,532,WES,14.24865,-0.6066695,3,36000,325.3889,0.4796535,3,36000,131.5119,3,36000,-123.9804,35983,199.4673,306.2783,92.65633,177.3904,61.78806,1.050811,0,0.4041682,0.1511924,1,0.3580786,-0.3080497,1.228613,20.78675,48.57314,9.531764,1.197316,2.464836,24.871,38.39849,9.737347,1.214084,3.158282,20.554,58.69053,12.18421,1.426233,2.429768,10.52221,101.3137,19.44198,0,1.471188,0.99708,-0.4783781,1.118375,-0.06167271,0.4607528,26.01234,0.6137416,0,1.976331,1.547012,341.9874,37.75247,18.01257,5.460157,772.887,4.879341,8.826399,0.6041822,0.8934151,0.8563208,-25.97498,7.845757,634.2751,934.4526,171.6581,321.4051,449.9245,185.5165,62.81345,2.566505,10.51969,1.123452,1,23.34798,23.217,24.92566,19.85014,29.31555,36.62667,23.93666,21.40667,128.9,30.87,1,4338,53.47498,149.3572,76.24146,57.68385,666.6667,99.5696,Kljun et al
4/16/24 13:00,533,WES,13.93552,-0.7336373,3,36000,340.8568,0.5027161,3,36000,109.2102,3,36000,-119.0327,35975,164.5018,235.2754,93.72815,104.4561,60.90498,0.9972805,0,0.3203992,0.2370094,2,0.4487725,-0.2045389,1.61001,21.22501,46.58,9.310284,1.179329,2.532067,25.40846,36.65973,9.520097,1.196185,3.260532,21.05708,56.58539,12.09894,1.41802,2.506113,10.44386,101.289,20.64348,0,1.643908,1.157615,-1.325316,1.251177,-0.1373055,0.5608082,26.53511,0.5092499,0,2.529554,2.111606,321.1242,32.92486,38.87576,6.605774,775.3658,4.89045,8.680949,0.5591213,0.8932798,0.8561437,-24.4619,8.076757,615.7961,915.6044,170.1502,321.955,451.6131,201.0351,61.45269,10.06779,10.52707,1.137437,1,23.50026,23.18647,26.20607,20.36638,29.49889,36.42666,25.23222,21.83111,130.8,32.82,1,4241,55.60621,155.3778,79.29706,59.99409,666.6667,99.54686,Kljun et al
4/16/24 13:30,534,WES,13.62993,-0.5322942,3,36000,242.0527,0.3571196,3,36000,85.60812,3,36000,-23.79476,35996,63.15329,47.214,79.09258,-70.0884,44.53916,0.6552985,-1,0.3536755,0.106787,1,0.3014493,-0.2390588,1.059279,21.68595,44.65337,9.105239,1.163049,2.604658,25.77149,35.36802,9.30951,1.179254,3.331532,21.4503,54.67377,11.94592,1.403707,2.567389,10.32456,101.2604,21.52279,0,1.385221,0.8442183,-1.289975,1.087814,-0.1618598,0.4717123,26.88383,0.5118598,0,2.165147,1.892851,317.0394,28.72513,42.9606,5.830139,776.2708,4.46482,8.547651,0.5379601,0.893819,0.8566037,-23.63216,7.851864,563.171,851.2146,161.0642,326.7959,453.7753,214.7515,58.67505,17.56866,10.53446,1.169438,1,23.75428,23.56207,26.51464,20.8234,29.26,36.60667,25.57444,22.21111,117.3,34.55,1,4148,46.45496,129.8329,66.2237,50.10533,666.6667,99.58394,Kljun et al
4/16/24 14:00,535,WES,13.6229,-0.612607,3,36000,288.4896,0.4257814,3,36000,72.54059,3,36000,-132.5173,35989,-1.404722,-58.38666,55.57721,-142.4277,19.47967,0.7799021,0,0.2514496,0.2354057,1,0.4479102,-0.1365248,1.461271,22.00544,44.33156,9.287781,1.177186,2.655912,26.1343,35.05791,9.494248,1.193716,3.403436,21.78913,54.37909,12.17841,1.425202,2.621079,10.47071,101.2363,22.0972,0,1.744836,1.017414,-0.9156576,1.268415,-0.09942079,0.5277629,27.26195,0.401954,0,2.353001,1.970505,332.3103,32.65786,27.68967,8.256365,773.8071,4.087199,8.642288,0.5073893,0.8937609,0.8507192,-23.29659,8.1237,461.5126,717.202,137.9027,331.846,449.6326,226.2481,54.81882,25.06992,10.54176,1.222077,1,23.30679,23.35305,25.55256,21.12202,28.85444,36.29667,24.43666,22.56222,84.1,36.1,1,4149,58.00343,162.0486,82.71865,62.58247,666.6667,99.54295,Kljun et al
4/16/24 14:30,536,WES,13.62644,-0.6689084,3,36000,338.3033,0.4994725,3,36000,91.88982,3,36000,-169.246,35991,36.8131,15.58078,58.04543,-53.87897,22.55706,1.034224,0,0.2716197,0.2101555,1,0.4235342,-0.1831731,1.167529,22.48143,43.20221,9.328416,1.181143,2.734185,26.48794,34.41826,9.528578,1.197231,3.475337,22.17932,53.20753,12.20586,1.428336,2.684222,10.47975,101.2008,22.78106,0,1.723649,1.002115,-0.4894035,1.044532,-0.08674167,0.4896684,27.62064,0.455525,0,2.08498,1.791782,344.149,30.37487,15.85104,5.90545,768.5098,4.927187,8.657247,0.6051835,0.8941276,0.8536865,-22.71406,7.953912,452.7705,718.137,140.7644,327.5768,452.1788,235.7301,50.20581,32.57135,10.54901,1.299671,1,23.71001,23.70011,24.99119,21.24285,28.53444,36.29444,23.85778,22.72667,69.47,35.49,1,4148,58.84134,164.3521,83.91025,63.48434,666.6667,99.54718,Kljun et al
4/16/24 15:00,537,WES,13.62339,-0.5644618,7,36000,290.6462,0.4292247,7,36000,51.46389,7,36000,-131.3863,35989,-25.08247,-73.40592,23.24098,-128.1991,-11.09856,0.8135574,0,0.1770671,0.2080858,1,0.4216491,-0.1031795,1.050779,22.65838,40.79117,8.638028,1.127492,2.763783,26.76006,32.34701,8.841618,1.143175,3.531363,22.39838,50.74274,11.68861,1.380582,2.720388,10.12178,101.1735,23.88187,0,1.846692,0.9194982,-0.8423689,1.003366,-0.1040773,0.4993381,27.8427,0.4219404,0,2.253344,2.029736,335.4798,25.51611,24.52023,5.972252,771.7434,5.068959,8.258956,0.5919129,0.8942163,0.8568596,-22.7695,8.117092,395.4289,646.58,129.4285,327.9518,449.6743,243.621,45.08245,40.07222,10.55638,1.409965,1,23.46504,23.60666,23.98211,21.37217,28.57667,36.00222,23.19777,22.8,54.81,34.34,1,4147,57.78249,161.4409,82.40442,62.34465,666.6667,99.5419,Kljun et al
4/16/24 15:30,538,WES,13.61827,-0.5842773,3,36000,333.9526,0.4933119,3,36000,56.9974,3,36000,-95.6348,35983,5.025991,-42.4486,52.50059,-82.04333,20.28834,1.117792,0,0.1706751,0.2230168,2,0.4368274,-0.1104469,1.136247,22.99997,40.72459,8.920352,1.149189,2.821348,27.03712,32.4353,9.120968,1.164894,3.589056,22.69859,50.73064,11.96016,1.405539,2.770222,10.2944,101.1306,24.24162,0,1.427789,1.046675,-1.263803,0.9543838,-0.09836469,0.5158654,28.14187,0.3453678,0,2.133975,1.906768,318.4864,26.43024,41.51361,7.053854,771.396,4.041624,8.408227,0.6009338,0.8944026,0.8568125,-22.43218,8.032266,354.778,600.0889,123.2687,326.9941,449.0363,250.3352,39.62007,47.5733,10.56375,1.565169,1,23.54736,24.04653,23.20515,21.46889,28.26333,36.04222,22.46556,22.80667,39.6,32.21,1,4146,58.00307,162.0526,82.71891,62.58259,666.6667,99.54196,Kljun et al
4/16/24 16:00,539,WES,13.4737,-0.3521492,5,36000,259.3866,0.3832012,5,36000,19.46655,5,36000,-218.219,35981,-25.12257,-62.10534,11.8602,-89.84921,-17.73599,1.020369,0,0.07504839,0.209135,1,0.4231149,-0.03896923,1.262662,23.03971,39.58815,8.538485,1.119354,2.828047,27.13801,31.43206,8.741441,1.134863,3.61007,22.78821,49.54942,11.68321,1.379858,2.78529,10.10342,101.1049,24.75207,0,1.536672,0.9911447,-1.334993,1.129701,-0.09218015,0.5164607,28.21475,0.1878996,0,2.340698,2.035571,319.0177,29.24507,40.9823,7.847811,775.9696,2.73224,8.18904,0.5187613,0.894098,0.8568096,-22.77189,8.1328,248.164,466.4193,98.05233,322.8825,443.0855,256.206,33.93639,55.0749,10.57093,1.78753,1,22.65396,23.8384,22.37197,21.46809,27.97889,35.98777,21.75556,22.8,27.75,29.6,1,4105,56.06558,156.7466,79.96662,60.49928,666.6667,99.5277,Kljun et al
4/16/24 16:30,540,WES,13.51147,-0.3008169,1,36000,168.5894,0.2490018,1,36000,-14.09481,4,36000,26.05528,35989,-17.56088,-27.20016,-7.921589,-46.09108,-33.71397,0.9284499,0,-0.08360438,0.1700081,1,0.3813491,0.0312811,0.7754126,22.62432,41.02111,8.697592,1.13093,2.757999,26.88423,32.26925,8.909018,1.147208,3.556947,22.37023,51.57339,11.90712,1.400186,2.715639,10.26675,101.0972,24.09739,0,1.563293,0.823765,-1.446603,0.8046591,-0.1205852,0.4740888,27.97188,0.2598435,0,2.267247,2.129919,317.2202,19.93499,42.77979,6.206604,779.5236,5.747373,8.285348,0.4495075,0.8926803,0.8550218,-23.89038,8.045251,148.8397,326.4733,69.47022,326.7896,434.9531,261.4866,28.11552,62.57594,10.5783,2.117529,1,21.58875,23.10161,21.71752,21.32817,28.05333,35.76,21.18667,22.62,18.9,25.8,1,4114,55.6169,156.4736,79.47589,60.1139,666.6667,99.32922,Kljun et al
4/16/24 17:00,541,WES,13.49121,-0.2109265,3,36000,169.0812,0.2497349,3,36000,-33.89635,3,36000,-23.56375,35972,-13.50654,-35.1834,8.170324,-50.49408,-13.47635,1.07968,0,-0.2004738,0.220365,1,0.4341369,0.0661103,0.8825698,22.66639,37.2153,7.305081,1.02847,2.765234,26.91131,29.30604,7.513365,1.043211,3.562858,22.45164,47.62531,10.78032,1.299278,2.729327,9.524237,101.082,25.19648,0,1.770082,0.8596571,-1.462572,0.8785573,-0.1366863,0.5042481,27.90015,0.3279295,0,2.420393,2.296149,320.4339,18.35184,39.56607,6.99949,776.0851,4.039668,7.533671,0.3784348,0.8938839,0.857046,-25.05216,8.230807,111.7018,272.6333,57.94889,328.8319,431.8145,266.3692,22.21877,70.07684,10.58573,2.638179,1,21.17193,23.20896,21.24504,21.09359,27.81111,35.81222,20.85333,22.32667,15.31,21.65,1,4108,59.1707,172.4206,85.51319,64.57957,666.6667,98.16849,Kljun et al
4/16/24 17:30,542,WES,13.35707,-0.1647426,3,36000,121.792,0.1798467,3,36000,-31.14138,3,36000,-64.77296,35962,-17.87816,-35.9579,0.2015839,-48.48238,-18.17114,0.8277563,0,-0.2556931,0.1365173,1,0.3416235,0.07712581,0.5732466,22.52753,39.37939,8.016949,1.079531,2.741568,26.67348,31.17574,8.221669,1.094646,3.512907,22.141,50.35521,11.33838,1.348309,2.677836,9.894031,101.0688,24.18261,0,1.179777,0.6975793,-1.180883,0.7111248,-0.0762683,0.3926547,27.71064,0.1455919,0,1.802106,1.669239,314.9731,21.994,45.02692,4.903731,772.3467,2.490616,7.91134,0.3719429,0.8864998,0.8509924,-26.20511,8.006448,91.63556,250.9264,54.29933,323.9048,428.8963,271.0033,16.29565,77.57853,10.59289,3.552207,1,20.88418,22.99946,20.9302,20.97965,27.76778,35.80777,20.52,21.99111,12.53,18.38,1,4067,59.05496,175.8418,85.94243,64.84216,666.6667,97.45946,Kljun et al
4/16/24 18:00,543,WES,13.09,0.007955909,2,36000,92.51294,0.1365564,1,36000,-44.29305,1,36000,65.59071,35963,-25.55155,-37.53668,-13.56642,-45.84686,-28.94952,0.9914718,0,-0.4787768,0.09854638,1,0.2900627,0.1290351,0.4503461,22.13873,40.038,7.917986,1.071855,2.677566,26.26016,31.72523,8.121588,1.086784,3.428728,21.79136,51.2381,11.2792,1.34283,2.621493,9.865532,101.0578,23.41944,0,1.082335,0.5509267,-1.293634,0.6815919,-0.09509923,0.3641488,27.28852,0.2970319,0,1.786724,1.686693,309.9177,19.16564,50.08228,4.943738,775.309,2.22487,7.865443,0.2835856,0.8931996,0.8564737,-27.04865,8.0512,23.08311,157.6428,30.07578,317.3531,421.837,275.5091,10.39778,85.07955,10.6002,5.500106,1,19.70028,22.96485,20.51157,20.80087,27.64111,35.80444,20.11111,21.71111,8.31,15.39,1,3986,55.14579,171.618,81.37481,61.27895,666.6667,96.06663,Kljun et al
4/16/24 18:30,544,WES,12.92929,0.1628754,7,30430,57.05737,0.08413374,7,30429,-40.45298,7,30429,-70.34237,35744,-24.49927,-52.43472,3.436169,-55.46923,-8.952532,-0.7676302,0,-0.7089877,0.04435482,8,0.1942778,0.1753098,0.3914787,20.91641,44.74438,8.687744,1.129895,2.529488,25.18859,35.68697,8.886411,1.145136,3.219143,20.48725,58.17734,11.93345,1.403056,2.422074,10.35489,101.0508,20.74007,0,0.9720811,0.3136821,-0.274679,0.7988827,-0.05864875,0.2152843,26.01037,0.8123303,0,1.244655,1.010145,344.2215,35.15937,15.77853,3.508937,785.3485,5.434291,8.318134,0.4153477,0.5420226,0.4876124,-30.1178,8.090417,-46.13,64.41856,9.790777,309.3445,410.1022,279.9905,4.613739,92.58041,10.60764,11.88497,1,17.51797,21.74664,20.10912,20.64777,27.45444,35.81222,19.59111,21.36444,3.039,12.39,1,3934,15.12584,541.798,66.23978,42.62057,666.6667,91.46784,KormannMeixner
4/16/24 19:00,545,WES,12.85475,-0.1008529,9,12799,7.339473,0.01078363,9,12781,-26.00046,9,12781,-53.76711,26120,-45.22953,-77.25186,-13.20721,-73.71351,-22.42172,0.4130821,0,-3.542552,0.01428431,9,0.109595,0.1971683,0.1615037,17.94879,66.75664,10.82434,1.302923,1.952303,21.47814,51.4533,11.05203,1.322787,2.572175,17.85379,74.05473,13.1453,1.518222,2.055448,11.30521,101.0546,12.49388,0,0.6948698,0.4016178,0.6749064,0.3861591,-0.0148166,0.1122124,23.61276,0.8685167,0,1.082014,0.9686839,44.16494,26.21446,315.8351,2.075967,865.8835,18.0645,9.728557,0.1533549,0.4902485,0.4562208,-38.31893,7.3581,-90.40455,3.393444,0.8264444,303.8733,396.8449,284.5421,-1.110718,100.0819,10.61485,37.92257,0.3555556,15.13721,18.5268,19.50635,20.48336,27.42667,35.96111,18.98444,20.94667,-3.533,9.22,0.534,2159,38.35918,1342.338,167.0907,102.5002,666.6667,82.94459,KormannMeixner
4/16/24 19:30,546,WES,12.85998,0.01867054,9,36000,-3.884074,-0.005702014,9,36000,-5.401763,9,36000,11.48914,270,-68.58823,-89.74625,-47.43019,-79.23721,-53.5581,0.8263796,0,1.390747,0.00377602,9,0.05625601,0.0795737,0.04355184,15.91511,67.93169,10.00315,1.233779,1.816085,20.62025,51.40318,10.2444,1.253839,2.440089,15.79293,83.49686,13.00375,1.504432,1.801995,11.28198,101.0701,11.8625,0,0.4699353,0.1907261,0.7852231,0.2086048,-0.01899884,0.0849192,21.78496,0.37622,0,0.9382405,0.9151028,59.10067,12.71999,300.8993,2.215047,902.4998,10.93803,9.248339,0.2757362,0.8859188,0.8508219,-46.54197,3.134883,-79.825,-0.8237778,0.141,310.1953,389.0555,289.2547,-7.013575,107.5831,10.6221,NAN,0,13.83492,16.08205,18.79531,20.20012,27.26222,35.76556,18.38889,20.53333,-10.5,6.13,0.5,2032,130.2417,5061.237,588.4503,353.8133,666.6667,58.32143,KormannMeixner
4/16/24 20:00,547,WES,12.84372,0.4012367,9,36000,17.09723,0.0251036,9,36000,-25.1783,9,36000,-29.53848,2251,-59.02679,-86.22648,-31.82711,-70.99264,-35.4036,0.3840106,0,-1.472654,0.02431796,9,0.1427636,0.1462503,0.1292023,16.01476,61.55563,8.627686,1.124431,1.827496,20.78638,46.40767,8.869555,1.142973,2.465149,15.8197,77.64257,11.91651,1.400738,1.804859,10.50372,101.0841,13.22177,0,0.9012084,0.3779006,1.012855,0.2928489,-0.02664894,0.1727286,21.84807,0.3342858,0,1.399484,1.355745,48.33828,14.31962,311.6617,2.915368,851.5479,18.81177,8.426096,0.2080131,0.8895277,0.8535919,-46.51789,2.889904,-80.07066,-0.8106667,0.1052222,309.0461,388.2009,294.2214,-12.55345,115.0841,10.62953,NAN,0,13.82093,15.43942,18.14492,19.86974,27.00444,35.74445,17.87,20.16667,-15.23,3.578,0.5,2024,46.3674,2034.723,221.0702,131.2267,666.6667,77.98282,KormannMeixner
4/16/24 20:30,548,WES,12.82488,0.2396484,9,36000,17.17266,0.02521645,9,36000,-32.86924,9,36000,-15.94107,5213,-60.62557,-82.64599,-38.60516,-63.90016,-40.27061,0.7434055,0,-1.914045,0.03918483,9,0.1812153,0.1504452,0.1668294,16.15061,58.24246,7.948129,1.073556,1.843306,20.87264,44.05253,8.186078,1.091065,2.478193,15.97162,74.13409,11.37089,1.350945,1.822355,10.12488,101.1024,13.87127,0,1.251583,0.3582403,1.050079,0.3893979,-0.03510132,0.2317152,21.88603,0.3181642,0,1.672839,1.633745,39.9969,12.3827,320.0031,3.447288,828.5203,4.946414,8.040956,0.1220152,0.8895459,0.8532925,-45.94929,3.379986,-81.74,-0.8485555,0.09533333,307.3588,388.1548,299.5392,-17.85924,122.5854,10.6368,NAN,0,13.85522,15.77743,17.53161,19.55861,26.86889,35.71,17.36555,19.82444,-18.74,1.667,0.5,2023,41.38232,1816.987,197.0784,117.5625,666.6667,79.63234,KormannMeixner
4/16/24 21:00,549,WES,12.81548,0.2429693,1,36000,18.75092,0.02753269,1,36000,-34.361,1,36000,-36.84343,7177,-49.41302,-80.10828,-18.71775,-58.90911,-19.02498,0.467883,0,-1.832496,0.04519999,1,0.1945976,0.146435,0.1791742,16.11345,56.9369,7.58165,1.047025,1.838941,20.82397,43.09055,7.81835,1.064062,2.47079,15.94647,72.83011,11.07949,1.325059,1.81943,9.931726,101.1069,14.06728,0,1.263158,0.3588469,1.0893,0.4089729,-0.04232164,0.2496365,21.81201,0.3215443,0,1.7079,1.667972,40.77348,12.38492,319.2265,3.219703,821.8273,3.777664,7.843239,0.09957158,0.889587,0.8537165,-45.61988,3.575705,-82.77622,-0.8627777,0.09266666,305.9016,387.7224,305.3101,-22.87664,130.0868,10.64398,NAN,0,13.81509,15.83706,17.04705,19.33933,26.86444,35.60778,16.96444,19.54445,-21.2,0.308,0.5,2020,37.66576,1609.641,177.6003,106.5695,666.6667,81.1843,KormannMeixner
4/16/24 21:30,550,WES,12.8052,0.2532663,1,36000,12.80585,0.01879879,1,36000,-34.51049,1,36000,8.015628,6328,-36.49204,-46.72639,-26.25769,-23.64888,-25.56804,0.4410033,0,-2.694901,0.04494022,1,0.1939636,0.1474436,0.18701,15.83619,57.73352,7.525747,1.043014,1.806622,20.57433,43.59406,7.763949,1.060104,2.433047,15.6822,73.86524,11.03743,1.321365,1.788906,9.913108,101.0967,13.72942,0,1.205183,0.3643561,1.092931,0.4293492,-0.02795053,0.2385873,21.55789,0.3044608,0,1.668325,1.626942,42.20381,12.75714,317.7962,3.382535,822.681,3.771926,7.820701,0.08628074,0.8894491,0.8532133,-45.54665,3.588991,-85.70855,-0.8976666,0.09466666,301.0755,385.7917,311.6385,-27.52797,137.5877,10.6514,NAN,0,13.44914,15.56279,16.62572,19.16485,26.85444,35.53556,16.60778,19.26444,-23.08,-0.689,0.5,2016,36.34442,1544.2,171.2681,102.8036,666.6667,81.70679,KormannMeixner
4/16/24 22:00,551,WES,12.77862,0.2459277,1,36000,15.48112,0.02272328,1,36000,-36.90887,1,36000,-45.81795,6034,-43.94464,-73.00503,-14.88426,-48.4781,-13.2296,0.5065859,0,-2.384121,0.05596199,1,0.2164183,0.1412814,0.2237831,15.7149,58.96862,7.722406,1.057098,1.792679,20.44829,44.52503,7.960852,1.074411,2.414196,15.56164,75.26672,11.20417,1.336068,1.775162,10.02759,101.0845,13.39786,0,1.069512,0.4028236,1.137191,0.4620027,-0.02625061,0.2680538,21.44493,0.3036831,0,1.61577,1.561106,46.75653,14.8985,313.2435,3.32726,820.9042,3.396027,7.929625,0.07405689,0.8890619,0.8533888,-45.83889,3.44461,-86.243,-0.9126667,0.1061111,300.1432,385.3674,318.6219,-31.71842,145.0886,10.65881,NAN,0,13.41627,15.44975,16.23783,18.98146,26.74111,35.55556,16.24222,19.04445,-24.53,-1.654,0.5,2012,54.4471,174.6345,81.15734,61.02174,666.6667,95.08644,Kljun et al
4/16/24 22:30,552,WES,12.7694,0.2488525,1,36000,13.54939,0.01988168,1,36000,-35.25539,1,36000,-19.49446,5336,-46.60057,-64.69846,-28.50269,-39.33279,-25.98617,0.5809426,0,-2.601991,0.04767931,1,0.1996424,0.1461315,0.1897964,15.37357,59.33527,7.492719,1.040651,1.753891,20.12501,44.72063,7.731902,1.057779,2.366476,15.21617,76.15282,11.04646,1.322155,1.736249,9.935055,101.0876,13.08697,0,1.005274,0.3762383,1.100259,0.4257446,-0.02303937,0.2382838,21.10497,0.3127511,0,1.539875,1.490348,47.58285,14.52654,312.4171,3.51954,823.0343,3.598334,7.815481,0.07578371,0.8893933,0.8537388,-46.0409,3.25262,-83.964,-0.8752222,0.0991111,300.4575,383.4471,326.3336,-35.33579,152.5903,10.66585,NAN,0,13.05263,15.13886,15.91337,18.8262,26.74444,35.58556,15.94222,18.84555,-25.37,-2.516,0.5,2007,29.68306,1205.398,137.1841,83.58619,666.6667,84.57333,KormannMeixner
4/16/24 23:00,553,WES,12.74719,0.2414686,1,36000,15.65247,0.02296272,1,36000,-34.21992,1,36000,-41.12021,3874,-45.05629,-67.03905,-23.07354,-41.10662,-19.70368,0.5064843,0,-2.186231,0.05315856,1,0.210715,0.1342911,0.2134698,15.12594,59.14064,7.212255,1.020884,1.726214,19.9028,44.48142,7.452368,1.037792,2.334111,14.96875,76.38329,10.85253,1.305227,1.708838,9.816268,101.0868,12.96319,0,0.9116825,0.3854559,1.229679,0.4648244,-0.03055494,0.249603,20.86345,0.3021788,0,1.580727,1.530775,53.4469,14.39892,306.5531,3.94031,823.2613,3.461354,7.673608,0.08571281,0.8889609,0.8536012,-46.35151,3.044074,-81.71577,-0.8448888,0.1066667,301.7709,382.5351,334.7914,-38.25293,160.0914,10.67327,NAN,0,12.93174,14.8518,15.59503,18.66341,26.50222,35.60889,15.69222,18.71111,-25.93,-3.369,0.5,2004,56.58347,181.7549,84.34377,63.41737,666.6667,95.0841,Kljun et al
4/16/24 23:30,554,WES,12.73628,0.2606044,1,36000,18.64091,0.0273445,1,36000,-41.4489,1,36000,2.934161,3770,-33.03761,-48.85049,-17.22472,-22.59338,-13.16197,0.4667926,0,-2.223544,0.05877171,1,0.2215208,0.1546849,0.2248457,15.01939,58.57574,6.971542,1.004171,1.714391,19.81282,44.00366,7.212101,1.020866,2.321108,14.8541,75.91351,10.64857,1.287621,1.696233,9.687738,101.0858,13.00242,0,0.9615862,0.4070834,1.195724,0.4577148,-0.01966759,0.2728949,20.75755,0.2892166,0,1.59131,1.534406,51.19404,15.31716,308.806,3.307276,821.389,4.113658,7.550803,0.08680264,0.8879158,0.8524617,-46.35974,3.065265,-81.89867,-0.8571111,0.08755555,301.0015,381.9555,343.9272,-40.34325,167.5923,10.6807,NAN,0,12.8396,14.69622,15.30795,18.51304,26.35333,35.54889,15.45111,18.48667,-26.26,-4.062,0.5,2000,54.56565,175.3609,81.37023,61.1777,666.6667,95.04337,Kljun et al