TIMESTAMP;SW_BELOW;SW_IN
201306110715;97;385
201306110730;179;439
201306110745;227;474
201306110800;236;520
201306110815;226;565
201306110830;270;609
201306110845;324;657
201306110900;396;704
201306110915;480;765
201306110930;459;729
201306110945;385;668
201306111000;387;835
201306111015;336;856
201306111030;349;879
201306111045;287;900
201306111100;379;918
201306111115;430;933
201306111130;496;942
201306111145;503;953
201306111200;484;962
201306111215;462;968
201306111230;557;940
201306111245;500;877
201306111300;414;804
201306111315;386;882
201306111330;451;971
201306111345;455;946
201306111400;341;637
201306111415;206;441
201306111430;357;736
201306111445;213;565
201306111500;251;690
201306111515;296;735
201306111530;240;554
201306111545;129;312
201306111600;89;232
201306111615;61;167
201306111630;84;215
201306111645;85;214
201306111700;76;187
201306111715;63;146
201306111730;56;155
201306111745;35;93
201306111800;29;71
201306111815;38;87
201306111830;25;60
201306111845;21;65
201306111900;19;59
201306111915;14;36
201306111930;12;14
201306111945;9;2
201306112000;0;0
201306112015;0;0
201306112030;0;0
201306112045;0;0
201306112100;0;0
201306112115;0;0
201306112130;0;0
201306112145;0;0
201306112200;0;0
201306112215;0;0
201306112230;0;0
201306112245;0;0
201306112300;0;0
201306112315;0;0
201306112330;0;0
201306112345;0;0
201306120000;0;0
201306120015;0;0
201306120030;0;0
201306120045;0;0
201306120100;0;0
201306120115;0;0
201306120130;0;0
201306120145;0;0
201306120200;0;0
201306120215;0;0
201306120230;0;0
201306120245;0;0
201306120300;0;0
201306120315;0;0
201306120330;0;0
201306120345;0;0
201306120400;0;0
201306120415;0;0
201306120430;0;0
201306120445;8;1
201306120500;9;9
201306120515;11;17
201306120530;13;32
201306120545;22;83
201306120600;47;148
201306120615;57;191
201306120630;67;238
201306120645;87;287
201306120700;70;338
201306120715;126;393
201306120730;193;447
201306120745;251;513
201306120800;293;635
201306120815;225;528
201306120830;146;345
201306120845;197;433
201306120900;351;640
201306120915;482;774
201306120930;512;800
201306120945;493;832
201306121000;388;859
201306121015;364;887
201306121030;384;915
201306121045;339;935
201306121100;418;949
201306121115;448;963
201306121130;522;974
201306121145;500;982
201306121200;512;990
201306121215;493;998
201306121230;608;1001
201306121245;607;999
201306121300;544;991
201306121315;440;984
201306121330;-9999;976
201306121345;-9999;962
201308051445;319;813
201308051500;356;776
201308051515;354;738
201308051530;285;699
201308051545;261;657
201308051600;254;612
201308051615;246;564
201308051630;195;515
201308051645;155;463
201308051700;110;407
201308051715;128;353
201308051730;87;301
201308051745;62;249
201308051800;60;195
201308051815;41;143
201308051830;20;94
201308051845;13;55
201308051900;9;24
201308051915;8;3
201308051930;0;0
201308051945;0;0
201308052000;0;0
201308052015;0;0
201308052030;0;0
201308052045;0;0
201308052100;0;0
201308052115;0;0
201308052130;0;0
201308052145;0;0
201308052200;0;0
201308052215;0;0
201308052230;0;0
201308052245;0;0
201308052300;0;0
201308052315;0;0
201308052330;0;0
201308052345;0;0
201308060000;0;0
201308060015;0;0
201308060030;0;0
201308060045;0;0
201308060100;0;0
201308060115;0;0
201308060130;0;0
201308060145;0;0
201308060200;0;0
201308060215;0;0
201308060230;0;0
201308060245;0;0
201308060300;0;0
201308060315;0;0
201308060330;0;0
201308060345;0;0
201308060400;0;0
201308060415;0;0
201308060430;0;0
201308060445;0;0
201308060500;0;0
201308060515;0;0
201308060530;9;8
201308060545;12;27
201308060600;19;54
201308060615;31;88
201308060630;52;134
201308060645;45;101
201308060700;61;142
201308060715;101;270
201308060730;90;331
201308060745;152;405
201308060800;192;447
201308060815;239;501
201308060830;376;555
201308060845;386;602
201308060900;378;646
201308060915;412;690
201308060930;444;729
201308060945;420;754
201308061000;437;805
201308061015;514;826
201308061030;458;853
201308061045;408;876
201308061100;365;896
201308061115;436;910
201308061130;546;925
201308061145;462;936
201308061200;423;945
201308061215;498;950
201308061230;429;951
201308061245;418;948
201308061300;516;945
201308061315;480;935
201308061330;489;923
201308061345;335;907
201308061400;214;884
201308061415;331;856
201308061430;331;828
201308061445;308;793
201308061500;342;760
201308061515;343;723
201308061530;289;685
201308061545;280;729
201308061600;210;531
201308061615;197;481
201308061630;190;520
201308061645;160;448
201308061700;99;342
201308061715;41;122
201308061730;95;297
201308061745;67;230
201308061800;63;187
201308061815;38;134
201308061830;21;82
201308061845;14;43
201308061900;10;14
201308061915;8;1
201308061930;0;0
201308061945;0;0
201308062000;0;0
201308062015;0;0
201308062030;0;0
201308062045;0;0
201308062100;0;0
201308062115;0;0
201308062130;0;0
201308062145;0;0
201308062200;0;0
201308062215;0;0
201308062230;0;0
201308062245;0;0
201308062300;0;0
201308062315;0;0
201308062330;0;0
201308062345;0;0
201308070000;0;0
201308070015;0;0
201308070030;0;0
201308070045;0;0
201308070100;0;0
201308070115;0;0
201308070130;0;0
201308070145;0;0
201308070200;0;0
201308070215;0;0
201308070230;0;0
201308070245;0;0
201308070300;0;0
201308070315;0;0
201308070330;0;0
201308070345;0;0
201308070400;0;0
201308070415;0;0
201308070430;0;0
201308070445;0;0
201308070500;0;0
201308070515;0;0
201308070530;9;3
201308070545;10;10
201308070600;13;19
201308070615;17;33
201308070630;20;45
201308070645;30;68
201308070700;43;97
201308070715;53;124
201308070730;114;202
201308070745;160;246
201308070800;-9999;333
201404261130;607;803
201404261145;282;409
201404261200;392;536
201404261215;430;577
201404261230;623;837
201404261245;348;485
201404261300;439;596
201404261315;355;496
201404261330;354;499
201404261345;580;796
201404261400;622;882
201404261415;522;752
201404261430;404;591
201404261445;455;660
201404261500;367;545
201404261515;387;567
201404261530;308;445
201404261545;266;374
201404261600;251;359
201404261615;333;473
201404261630;318;479
201404261645;172;259
201404261700;139;210
201404261715;224;370
201404261730;149;255
201404261745;102;178
201404261800;38;61
201404261815;42;55
201404261830;21;27
201404261845;16;16
201404261900;8;1
201404261915;0;0
201404261930;0;0
201404261945;0;0
201404262000;0;0
201404262015;0;0
201404262030;0;0
201404262045;0;0
201404262100;0;0
201404262115;0;0
201404262130;0;0
201404262145;0;0
201404262200;0;0
201404262215;0;0
201404262230;0;0
201404262245;0;0
201404262300;0;0
201404262315;0;0
201404262330;0;0
201404262345;0;0
201404270000;0;0
201404270015;0;0
201404270030;0;0
201404270045;0;0
201404270100;0;0
201404270115;0;0
201404270130;0;0
201404270145;0;0
201404270200;0;0
201404270215;0;0
201404270230;0;0
201404270245;0;0
201404270300;0;0
201404270315;0;0
201404270330;0;0
201404270345;0;0
201404270400;0;0
201404270415;0;0
201404270430;0;0
201404270445;0;0
201404270500;0;0
201404270515;0;0
201404270530;10;4
201404270545;13;12
201404270600;20;22
201404270615;36;44
201404270630;70;87
201404270645;79;104
201404270700;100;136
201404270715;90;122
201404270730;101;136
201404270745;140;188
201404270800;166;225
201404270815;187;252
201404270830;213;288
201404270845;273;362
201404270900;239;319
201404270915;354;456
201404270930;395;541
201404270945;308;415
201404271000;301;408
201404271015;340;463
201404271030;569;743
201404271045;375;515
201404271100;475;-9999
201404271115;400;-9999
201404271130;368;452
201404271145;411;547
201404271200;444;641
201404271215;677;902
201404271230;907;1122
201404271245;656;943
201404271300;701;928
201404271315;556;802
201404271330;681;973
201404271345;596;832
201404271400;224;307
201404271415;620;851
201404271430;653;921
201404271445;422;648
201404271500;423;646
201404271515;473;728
201404271530;445;665
201404271545;456;686
201404271600;358;536
201404271615;333;521
201404271630;297;459
201404271645;297;418
201404271700;240;363
201404271715;167;285
201404271730;128;227
201404271745;99;167
201404271800;59;107
201404271815;46;79
201404271830;24;53
201404271845;14;21
201404271900;9;1
201404271915;0;0
201404271930;0;0
201404271945;0;0
201404272000;0;0
201404272015;0;0
201404272030;0;0
201404272045;0;0
201404272100;0;0
201404272115;0;0
201404272130;0;0
201404272145;0;0
201404272200;0;0
201404272215;0;0
201404272230;0;0
201404272245;0;0
201404272300;0;0
201404272315;0;0
201404272330;0;0
201404272345;0;0
201404280000;0;0
201404280015;0;0
201404280030;0;0
201404280045;0;0
201404280100;0;0
201404280115;0;0
201404280130;0;0
201404280145;0;0
201404280200;0;0
201404280215;0;0
201404280230;0;0
201404280245;0;0
201404280300;0;0
201404280315;0;0
201404280330;0;0
201404280345;0;0
201404280400;0;0
201404280415;0;0
201404280430;0;0
201404280445;0;0
201404280500;0;0
201404280515;9;1
201404280530;12;12
201404280545;21;33
201404280600;47;57
201404280615;73;112
201404280630;105;192
201404280645;129;239
201404280700;157;252
201404280715;256;282
201404280730;291;337
201404280745;358;407
201404280800;330;467
201404280815;366;519
201404280830;402;568
201404280845;433;615
201404280900;460;659
201404280915;460;700
201404280930;528;741
201404280945;548;778
201404281000;639;810
201404281015;666;839
201404281030;808;864
201404281045;758;888
201404281100;717;907
201404281115;716;923
201404281130;701;937
201404281145;645;948
201404281200;664;953
201404281215;669;957
201404281230;714;957
201404281245;746;952
201404281300;803;947
201404281315;679;936
201404281330;644;923
201404281345;654;903
201404281400;632;879
201404281415;635;851
201404281430;604;819
201404281445;503;782
201404281500;462;741
201404281515;464;703
201404281530;435;662
201404281545;391;616
201404281600;369;566
201404281615;346;516
201404281630;300;463
201404281645;290;409
201404281700;225;352
201404281715;146;298
201404281730;134;245
201404281745;98;193
201404281800;69;141
201404281815;36;92
201404281830;21;52
201404281845;12;16
201404281900;9;1
201404281915;0;0
201404281930;0;0
201404281945;0;0
201404282000;0;0
201404282015;0;0
201404282030;0;0
201404282045;0;0
201404282100;0;0
201404282115;0;0
201404282130;0;0
201404282145;0;0
201404282200;0;0
201404282215;0;0
201404282230;0;0
201404282245;0;0
201404282300;0;0
201404282315;0;0
201404282330;0;0
201404282345;0;0
201404290000;0;0
201404290015;0;0
201404290030;0;0
201404290045;0;0
201404290100;0;0
201404290115;0;0
201404290130;0;0
201404290145;0;0
201404290200;0;0
201404290215;0;0
201404290230;0;0
201404290245;0;0
201404290300;0;0
201404290315;0;0
201404290330;0;0
201404290345;0;0
201404290400;0;0
201404290415;0;0
201404290430;0;0
201404290445;0;0
201404290500;0;0
201404290515;9;1
201404290530;13;18
201404290545;21;47
201404290600;46;84
201404290615;74;124
201404290630;116;168
201404290645;138;217
201404290700;175;269
201404290715;250;322
201404290730;297;376
201404290745;379;430
201404290800;365;475
201404290815;396;529
201404290830;416;574
201404290845;449;624
201404290900;462;671
201406291030;520;896
201406291045;501;919
201406291100;589;941
201406291115;576;958
201406291130;510;972
201406291145;396;982
201406291200;363;987
201406291214;537;989
201406291229;607;989
201406291244;435;987
201406291259;323;977
201406291314;385;968
201406291329;406;958
201406291344;431;941
201406291359;476;921
201406291414;467;894
201406291429;553;867
201406291444;532;837
201406291459;534;806
201406291514;424;772
201406291529;403;734
201406291544;414;691
201406291559;338;646
201406291614;225;603
201406291629;165;554
201406291644;138;506
201406291659;153;457
201406291714;125;406
201406291729;89;353
201406291744;92;300
201406291759;36;251
201406291814;31;203
201406291829;13;156
201406291844;4;109
201406291859;2;66
201406291914;1;34
201406291929;2;9
201406291944;0;0
201406291959;0;0
201406292014;0;0
201406292029;0;0
201406292044;0;0
201406292059;0;0
201406292114;0;0
201406292129;0;0
201406292144;0;0
201406292159;0;0
201406292214;0;0
201406292229;0;0
201406292244;0;0
201406292259;0;0
201406292314;0;0
201406292329;0;0
201406292344;0;0
201406292359;0;0
201406300014;0;0
201406300029;0;0
201406300044;0;0
201406300059;0;0
201406300114;0;0
201406300129;0;0
201406300144;0;0
201406300159;0;0
201406300214;0;0
201406300229;0;0
201406300244;0;0
201406300259;0;0
201406300314;0;0
201406300329;0;0
201406300344;0;0
201406300359;0;0
201406300414;0;0
201406300429;0;0
201406300444;0;0
201406300459;2;8
201406300514;3;29
201406300529;6;56
201406300544;13;92
201406300559;24;135
201406300614;44;178
201406300629;43;223
201406300644;79;271
201406300659;104;318
201406300714;155;367
201406300729;193;417
201406300744;200;466
201406300759;165;514
201406300814;213;561
201406300829;188;606
201406300844;195;649
201406300859;288;691
201406300914;483;730
201406300929;411;768
201406300944;471;805
201406300959;479;836
201406301014;333;862
201406301029;564;886
201406301044;510;909
201406301059;625;930
201406301114;636;946
201406301129;638;957
201406301144;546;968
201406301159;445;974
201406301214;508;984
201406301229;617;965
201406301244;530;985
201406301259;439;978
201406301314;499;975
201406301329;411;937
201406301344;429;967
201406301359;408;926
201406301414;331;905
201406301429;354;780
201406301444;327;723
201406301459;328;726
201406301514;322;709
201406301529;263;563
201406301544;365;644
201406301559;324;673
201406301614;204;555
201406301629;141;467
201406301644;82;293
201406301659;104;321
201406301714;84;276
201406301729;96;359
201406301744;71;242
201406301759;42;148
201406301814;33;117
201406301829;26;107
201406301844;15;76
201406301859;7;61
201406301914;2;23
201406301929;2;7
201406301944;1;3
201406301959;0;0
201406302014;0;0
201406302029;0;0
201406302044;0;0
201406302059;0;0
201406302114;0;0
201406302129;0;0
201406302144;0;0
201406302159;0;0
201406302214;0;0
201406302229;0;0
201406302244;0;0
201406302259;0;0
201406302314;0;0
201406302329;0;0
201406302344;0;0
201406302359;0;0
201407010014;0;0
201407010029;0;0
201407010044;0;0
201407010059;0;0
201407010114;0;0
201407010129;0;0
201407010144;0;0
201407010159;0;0
201407010214;0;0
201407010229;0;0
201407010244;0;0
201407010259;0;0
201407010314;0;0
201407010329;0;0
201407010344;0;0
201407010359;0;0
201407010414;0;0
201407010429;0;0
201407010444;2;1
201407010459;2;8
201407010514;4;28
201407010529;7;55
201407010544;12;76
201407010559;24;118
201407010614;29;134
201407010629;39;195
201407010644;84;272
201407010659;108;319
201407010714;157;366
201407010729;193;415
201407010744;215;464
201407010759;180;514
201407010814;206;559
201407010829;190;605
201407010844;189;652
201407010859;379;695
201407010914;482;734
201407010929;421;774
201407010944;421;808
201407010959;465;836
201407011014;349;863
201407011029;553;888
201407011044;508;909
201407011059;617;927
201407011114;630;945
201407011129;613;962
201407011144;490;972
201407011159;414;981
201407011214;443;985
201407011229;475;989
201407011244;388;987
201407011259;267;980
201407011314;410;972
201407011329;428;960
201407011344;408;942
201407011359;441;920
201407011414;506;895
201407011429;529;867
201407011444;518;835
201407011459;529;803
201407011514;-9999;767
201408031015;353;677
201408031030;359;679
201408031045;416;774
201408031100;438;754
201408031115;499;830
201408031130;301;577
201408031145;226;458
201408031200;197;418
201408031215;171;368
201408031230;164;355
201408031245;197;407
201408031300;257;493
201408031315;369;655
201408031330;346;651
201408031345;311;613
201408031400;398;788
201408031415;381;739
201408031430;294;602
201408031445;229;506
201408031500;199;445
201408031515;169;382
201408031530;128;282
201408031545;127;277
201408031600;131;287
201408031615;134;285
201408031630;133;279
201408031645;114;243
201408031700;93;204
201408031715;78;174
201408031730;61;129
201408031745;51;108
201408031800;40;88
201408031815;32;71
201408031830;25;55
201408031845;17;31
201408031900;12;18
201408031915;11;11
201408031930;9;3
201408031945;0;0
201408032000;0;0
201408032015;0;0
201408032030;0;0
201408032045;0;0
201408032100;0;0
201408032115;0;0
201408032130;0;0
201408032145;0;0
201408032200;0;0
201408032215;0;0
201408032230;0;0
201408032245;0;0
201408032300;0;0
201408032315;0;0
201408032330;0;0
201408032345;0;0
201408040000;0;0
201408040015;0;0
201408040030;0;0
201408040045;0;0
201408040100;0;0
201408040115;0;0
201408040130;0;0
201408040145;0;0
201408040200;0;0
201408040215;0;0
201408040230;0;0
201408040245;0;0
201408040300;0;0
201408040315;0;0
201408040330;0;0
201408040345;0;0
201408040400;0;0
201408040415;0;0
201408040430;0;0
201408040445;0;0
201408040500;0;0
201408040515;8;1
201408040530;9;4
201408040545;11;12
201408040600;16;27
201408040615;28;56
201408040630;47;92
201408040645;51;102
201408040700;58;117
201408040715;64;130
201408040730;74;158
201408040745;78;166
201408040800;95;204
201408040815;110;228
201408040830;102;217
201408040845;124;258
201408040900;112;242
201408040915;103;224
201408040930;105;220
201408040945;113;235
201408041000;117;242
201408041015;122;263
201408041030;206;417
201408041045;197;414
201408041100;216;456
201408041115;423;747
201408041130;522;884
201408041145;433;770
201408041200;211;435
201408041215;155;340
201408041230;120;271
201408041245;373;668
201408041300;325;623
201408041315;277;558
201408041330;266;541
201408041345;194;422
201408041400;222;476
201408041415;249;526
201408041430;158;349
201408041445;157;359
201408041500;160;356
201408041515;158;364
201408041530;132;302
201408041545;100;223
201408041600;74;163
201408041615;73;159
201408041630;71;150
201408041645;71;153
201408041700;58;121
201408041715;39;80
201408041730;28;58
201408041745;19;38
201408041800;14;23
201408041815;11;13
201408041830;12;12
201408041845;10;9
201408041900;10;5
201408041915;8;1
201408041930;0;0
201408041945;0;0
201408042000;0;0
201408042015;0;0
201408042030;0;0
201408042045;0;0
201408042100;0;0
201408042115;0;0
201408042130;0;0
201408042145;0;0
201408042200;0;0
201408042215;0;0
201408042230;0;0
201408042245;0;0
201408042300;0;0
201408042315;0;0
201408042330;0;0
201408042345;0;0
201408050000;0;0
201408050015;0;0
201408050030;0;0
201408050045;0;0
201408050100;0;0
201408050115;0;0
201408050130;0;0
201408050145;0;0
201408050200;0;0
201408050215;0;0
201408050230;0;0
201408050245;0;0
201408050300;0;0
201408050315;0;0
201408050330;0;0
201408050345;0;0
201408050400;0;0
201408050415;0;0
201408050430;0;0
201408050445;0;0
201408050500;0;0
201408050515;0;0
201408050530;9;2
201408050545;12;10
201408050600;19;35
201408050615;35;66
201408050630;41;84
201408050645;53;124
201408050700;107;244
201408050715;68;143
201408050730;85;181
201408050745;99;211
201408050800;60;118
201408050815;50;95
201408050830;24;46
201408050845;30;59
201408050900;58;114
201408050915;102;209
201408050930;162;341
201408050945;175;375
201408051000;140;308
201408051015;170;380
201408051030;207;447
201408051045;195;425
201408051100;158;343
201408051115;165;357
201408051130;208;441
201408051145;262;532
201408051200;124;277
201408051215;96;217
201408051230;121;258
201408051245;126;269
201408051300;140;307
201408051315;147;319
201408051330;164;359
201408051345;191;405
201408051400;334;661
201408051415;243;518
201408051430;329;900
201408051445;322;816
201408051500;234;601
201408051515;169;391
201408051530;131;294
201408051545;131;285
201408051600;114;252
201408051615;81;178
201408051630;64;136
201408051645;56;116
201408051700;55;112
201408051715;55;116
201408051730;49;105
201408051745;22;54
201408051800;14;27
201408051815;11;16
201408051830;11;13
201408051845;10;9
201408051900;9;5
201408051915;8;1
201408051930;0;0
201408051945;0;0
201408052000;0;0
201408052015;0;0
201408052030;0;0
201408052045;0;0
201408052100;0;0
201408052115;0;0
201408052130;0;0
201408052145;0;0
201408052200;0;0
201408052215;0;0
201408052230;0;0
201408052245;0;0
201408052300;0;0
201408052315;0;0
201408052330;0;0
201408052345;0;0
201408060000;0;0
201408060015;0;0
201408060030;0;0
201408060045;0;0
201408060100;0;0
201408060115;0;0
201408060130;0;0
201408060145;0;0
201408060200;0;0
201408060215;0;0
201408060230;0;0
201408060245;0;0
201408060300;0;0
201408060315;0;0
201408060330;0;0
201408060345;0;0
201408060400;0;0
201408060415;0;0
201408060430;0;0
201408060445;0;0
201408060500;0;0
201408060515;8;2
201408060530;12;12
201408060545;17;30
201408060600;31;70
201408060615;55;122
201408060630;65;164
201408060645;69;201
201408060700;100;241
201408060715;105;294
201408060730;151;353
201408060745;178;404
201408060800;241;442
201408060815;192;366
201408060830;147;287
201408060845;142;267
201408060900;219;368
201408060915;297;481
201408060930;329;594
201408060945;312;604
201408061000;425;723
201408061015;406;761
201408061030;383;664
201408061045;456;810
201408061100;516;854
201408061115;525;829
201408061130;476;761
201408061145;485;813
201408061200;450;868
201408061215;472;864
201408061230;545;862
201408061245;528;833
201408061300;514;865
201408061315;505;808
201408061330;484;857
201408061345;426;844
201408061400;364;720
201408061415;356;739
201408061430;232;648
201408061445;236;585
201408061500;242;590
201408061515;248;594
201408061530;247;562
201408061545;185;409
201408061600;231;471
201408061615;236;442
201408061630;182;346
201408061645;166;366
201408061700;121;313
201408061715;108;274
201408061730;56;147
201408061745;32;95
201408061800;31;87
201408061815;41;116
201408061830;27;72
201408061845;17;41
201408061900;11;18
201408061915;9;5
201408061930;0;0
201408061945;0;0
201408062000;0;0
201408062015;0;0
201408062030;0;0
201408062045;0;0
201408062100;0;0
201408062115;0;0
201408062130;0;0
201408062145;0;0
201408062200;0;0
201408062215;0;0
201408062230;0;0
201408062245;0;0
201408062300;0;0
201408062315;0;0
201408062330;0;0
201408062345;0;0
201408070000;0;0
201408070015;0;0
201408070030;0;0
201408070045;0;0
201408070100;0;0
201408070115;0;0
201408070130;0;0
201408070145;0;0
201408070200;0;0
201408070215;0;0
201408070230;0;0
201408070245;0;0
201408070300;0;0
201408070315;0;0
201408070330;0;0
201408070345;0;0
201408070400;0;0
201408070415;0;0
201408070430;0;0
201408070445;0;0
201408070500;0;0
201408070515;8;1
201408070530;10;11
201408070545;15;28
201408070600;20;54
201408070615;32;86
201408070630;42;122
201408070645;51;161
201408070700;82;203
201408070715;93;246
201408070730;128;290
201408070745;156;338
201408070800;219;383
201408070815;226;435
201408070830;272;487
201408070845;337;535
201408070900;382;580
201408070915;412;621
201408070930;375;659
201408070945;361;697
201408071000;430;727
201408071015;472;757
201408071030;452;783
201408071045;447;808
201408071100;530;831
201408071115;561;846
201408071130;570;859
201408071145;525;871
201408071200;465;878
201408071215;504;886
201408071230;577;889
201408071245;577;887
201408071300;504;883
201408071315;564;874
201408071330;494;862
201408071345;441;848
201408071400;414;829
201408071415;379;802
201408071430;230;774
201408071445;278;742
201408071500;310;710
201408071515;280;674
201408071530;286;632
201408071545;287;590
201408071600;286;546
201408071615;299;497
201408071630;271;446
201408071645;202;395
201408071700;134;342
201408071715;108;295
201408071730;94;247
201408071745;54;197
201408071800;39;149
201408071815;26;105
201408071830;17;66
201408071845;13;36
201408071900;9;13
201408071915;7;1
201408071930;0;0
201408071945;0;0
201408072000;0;0
201408072015;0;0
201408072030;0;0
201408072045;0;0
201408072100;0;0
201408072115;0;0
201408072130;0;0
201408072145;0;0
201408072200;0;0
201408072215;0;0
201408072230;0;0
201408072245;0;0
201408072300;0;0
201408072315;0;0
201408072330;0;0
201408072345;0;0
201408080000;0;0
201408080015;0;0
201408080030;0;0
201408080045;0;0
201408080100;0;0
201408080115;0;0
201408080130;0;0
201408080145;0;0
201408080200;0;0
201408080215;0;0
201408080230;0;0
201408080245;0;0
201408080300;0;0
201408080315;0;0
201408080330;0;0
201408080345;0;0
201408080400;0;0
201408080415;0;0
201408080430;0;0
201408080445;0;0
201408080500;0;0
201408080515;9;1
201408080530;10;8
201408080545;13;27
201408080600;19;56
201408080615;32;92
201408080630;40;134
201408080645;50;175
201408080700;92;223
201408080715;100;271
201408080730;141;318
201408080745;149;365
201408080800;224;412
201408080815;224;456
201408080830;269;499
201408080845;344;542
201408080900;393;586
201408080915;417;629
201408080930;400;670
201408080945;399;706
201408081000;471;739
201408081015;480;768
201408081030;437;796
201408081045;464;821
201408081100;533;839
201408081115;575;859
201408081130;585;876
201408081145;528;871
201408081200;470;890
201408081215;494;901
201408081230;512;815
201408081245;534;869
201408081300;488;883
201408081315;579;895
201408081330;517;878
201408081345;425;858
201408081400;432;857
201408081415;433;833
201408081430;221;811
201408081445;305;775
201408081500;294;712
201408081515;193;474
201408081530;201;450
201408081545;284;600
201408081600;319;650
201408081615;299;529
201408081630;314;519
201408081645;142;305
201408081700;136;338
201408081715;138;359
201408081730;129;321
201408081745;66;254
201408081800;43;183
201408081815;29;128
201408081830;17;81
201408081845;12;45
201408081900;8;16
201408081915;0;0
201408081930;0;0
201408081945;0;0
201408082000;0;0
201408082015;0;0
201408082030;0;0
201408082045;0;0
201408082100;0;0
201408082115;0;0
201408082130;0;0
201408082145;0;0
201408082200;0;0
201408082215;0;0
201408082230;0;0
201408082245;0;0
201408082300;0;0
201408082315;0;0
201408082330;0;0
201408082345;0;0
201408090000;0;0
201408090015;0;0
201408090030;0;0
201408090045;0;0
201408090100;0;0
201408090115;0;0
201408090130;0;0
201408090145;0;0
201408090200;0;0
201408090215;0;0
201408090230;0;0
201408090245;0;0
201408090300;0;0
201408090315;0;0
201408090330;0;0
201408090345;0;0
201408090400;0;0
201408090415;0;0
201408090430;0;0
201408090445;0;0
201408090500;0;0
201408090515;8;1
201408090530;9;8
201408090545;13;28
201408090600;18;60
201408090615;31;98
201408090630;41;137
201408090645;51;176
201408090700;86;223
201408090715;102;278
201408090730;149;327
201408090745;172;375
201408090800;225;419
201408090815;223;467
201408090830;274;520
201408090845;381;571
201408090900;424;617
201408090915;451;658
201408090930;422;696
201408090945;437;734
201408091000;506;766
201408091015;497;794
201408091030;444;818
201408091045;480;842
201408091100;561;862
201408091115;599;881
201408091130;610;898
201408091145;543;911
201408091200;493;919
201408091215;520;923
201408091230;605;929
201408091245;563;929
201408091300;513;922
201408091315;607;915
201408091330;547;904
201408091345;414;891
201408091400;431;862
201408091415;430;840
201408091430;211;811
201408091445;296;779
201408091500;334;750
201408091515;311;712
201408091530;324;671
201408091545;325;629
201408091600;299;581
201408091615;323;532
201408091630;312;480
201408091645;222;428
201408091700;144;374
201408091715;118;320
201408091730;101;269
201408091745;55;218
201408091800;38;166
201408091815;27;117
201408091830;16;74
201408091845;12;42
201408091900;10;15
201408091915;8;1
201408091930;0;0
201408091945;0;0
201408092000;0;0
201408092015;0;0
201408092030;0;0
201408092045;0;0
201408092100;0;0
201408092115;0;0
201408092130;0;0
201408092145;0;0
201408092200;0;0
201408092215;0;0
201408092230;0;0
201408092245;0;0
201408092300;0;0
201408092315;0;0
201408092330;0;0
201408092345;0;0
201408100000;0;0
201408100015;0;0
201408100030;0;0
201408100045;0;0
201408100100;0;0
201408100115;0;0
201408100130;0;0
201408100145;0;0
201408100200;0;0
201408100215;0;0
201408100230;0;0
201408100245;0;0
201408100300;0;0
201408100315;0;0
201408100330;0;0
201408100345;0;0
201408100400;0;0
201408100415;0;0
201408100430;0;0
201408100445;0;0
201408100500;0;0
201408100515;0;0
201408100530;10;6
201408100545;12;20
201408100600;17;49
201408100615;30;88
201408100630;40;129
201408100645;54;169
201408100700;79;214
201408100715;104;257
201408100730;150;319
201408100745;176;371
201408100800;243;420
201408100815;213;469
201408100830;254;516
201408100845;361;560
201408100900;413;605
201408100915;446;648
201408100930;425;687
201408100945;422;724
201408101000;507;756
201408101015;492;785
201408101030;450;812
201408101045;459;829
201408101100;541;842
201408101115;594;873
201409241200;-9999;788
201409241215;381;792
201409241229;384;790
201409241244;449;785
201409241259;428;778
201409241314;345;766
201409241329;317;749
201409241344;384;724
201409241359;406;697
201409241414;332;670
201409241429;327;636
201409241444;258;598
201409241459;214;558
201409241514;300;515
201409241529;221;470
201409241544;173;419
201409241559;158;371
201409241614;115;288
201409241629;80;234
201409241644;84;224
201409241659;60;169
201409241714;28;118
201409241729;19;72
201409241744;15;34
201409241759;10;5
201409241814;0;0
201409241829;0;0
201409241844;0;0
201409241859;0;0
201409241914;0;0
201409241929;0;0
201409241944;0;0
201409241959;0;0
201409242014;0;0
201409242029;0;0
201409242044;0;0
201409242059;0;0
201409242114;0;0
201409242129;0;0
201409242144;0;0
201409242159;0;0
201409242214;0;0
201409242229;0;0
201409242244;0;0
201409242259;0;0
201409242314;0;0
201409242329;0;0
201409242344;0;0
201409242359;0;0
201409250014;0;0
201409250029;0;0
201409250044;0;0
201409250059;0;0
201409250114;0;0
201409250129;0;0
201409250144;0;0
201409250159;0;0
201409250214;0;0
201409250229;0;0
201409250244;0;0
201409250259;0;0
201409250314;0;0
201409250329;0;0
201409250344;0;0
201409250359;0;0
201409250414;0;0
201409250429;0;0
201409250444;0;0
201409250459;0;0
201409250514;0;0
201409250529;0;0
201409250544;0;0
201409250559;0;0
201409250614;9;3
201409250629;11;7
201409250644;13;14
201409250659;17;22
201409250714;27;41
201409250729;40;61
201409250744;24;39
201409250759;16;23
201409250814;17;25
201409250829;28;43
201409250844;47;75
201409250859;40;63
201409250914;49;77
201409250929;43;71
201409250944;51;83
201409250959;68;111
201409251014;54;88
201409251029;80;135
201409251044;76;133
201409251059;100;173
201409251114;73;123
201409251129;135;238
201409251144;168;303
201409251159;215;403
201409251214;201;359
201409251229;245;434
201409251244;295;546
201409251300;316;613
201409251315;368;785
201409251330;325;779
201409251345;402;752
201409251400;370;688
201409251415;346;714
201409251430;332;649
201409251445;277;608
201409251500;239;560
201409251515;287;518
201409251530;217;471
201409251545;151;422
201409251600;152;371
201409251615;116;318
201409251630;83;262
201409251645;80;209
201409251700;52;157
201409251715;29;110
201409251730;20;66
201409251745;15;27
201409251800;9;3
201409251815;0;0
201409251830;0;0
201409251845;0;0
201409251900;0;0
201409251915;0;0
201409251930;0;0
201409251945;0;0
201409252000;0;0
201409252015;0;0
201409252030;0;0
201409252045;0;0
201409252100;0;0
201409252115;0;0
201409252130;0;0
201409252145;0;0
201409252200;0;0
201409252215;0;0
201409252230;0;0
201409252245;0;0
201409252300;0;0
201409252315;0;0
201409252330;0;0
201409252345;0;0
201409260000;0;0
201409260015;0;0
201409260030;0;0
201409260045;0;0
201409260100;0;0
201409260115;0;0
201409260130;0;0
201409260145;0;0
201409260200;0;0
201409260215;0;0
201409260230;0;0
201409260245;0;0
201409260300;0;0
201409260315;0;0
201409260330;0;0
201409260345;0;0
201409260400;0;0
201409260415;0;0
201409260430;0;0
201409260445;0;0
201409260500;0;0
201409260515;0;0
201409260530;0;0
201409260545;0;0
201409260600;0;0
201409260615;11;11
201409260630;19;36
201409260645;35;71
201409260700;43;70
201409260715;49;81
201409260730;61;101
201409260745;58;97
201409260800;52;84
201409260815;63;108
201409260830;96;174
201409260845;107;190
201409260900;101;175
201409260915;82;142
201409260930;106;183
201409260945;98;164
201409261000;135;228
201409261015;140;243
201409261030;172;298
201409261045;274;492
201409261100;420;760
201409261115;389;763
201409261130;414;763
201409261145;365;717
201409261200;373;738
201409261215;394;736
201409261230;182;348
201409261245;330;576
201409261300;489;880
201409261315;307;642
201409261330;356;848
201409261345;411;797
201409261400;429;786
201409261415;353;735
201409261430;323;611
201409261445;299;636
201409261500;277;567
201409261515;268;508
201409261530;213;474
201409261545;153;441
201409261600;162;395
201409261615;154;379
201409261630;121;336
201409261645;99;220
201409261700;29;53
201409261715;18;35
201409261730;14;23
201409261745;10;7
201409261800;9;1
201409261815;0;0
201409261830;0;0
201409261845;0;0
201409261900;0;0
201409261915;0;0
201409261930;0;0
201409261945;0;0
201409262000;0;0
201409262015;0;0
201409262030;0;0
201409262045;0;0
201409262100;0;0
201409262115;0;0
201409262130;0;0
201409262145;0;0
201409262200;0;0
201409262215;0;0
201409262230;0;0
201409262245;0;0
201409262300;0;0
201409262315;0;0
201409262330;0;0
201409262345;0;0
201409270000;0;0
201409270015;0;0
201409270030;0;0
201409270045;0;0
201409270100;0;0
201409270115;0;0
201409270130;0;0
201409270145;0;0
201409270200;0;0
201409270215;0;0
201409270230;0;0
201409270245;0;0
201409270300;0;0
201409270315;0;0
201409270330;0;0
201409270345;0;0
201409270400;0;0
201409270415;0;0
201409270430;0;0
201409270445;0;0
201409270500;0;0
201409270515;0;0
201409270530;0;0
201409270545;0;0
201409270600;0;0
201409270615;10;7
201409270630;13;16
201409270645;21;40
201409270700;27;47
201409270715;44;71
201409270730;49;81
201409270745;33;66
201409270800;73;140
201409270815;133;324
201409270830;93;281
201409270845;119;276
201409270900;108;272
201409270915;171;495
201409270930;235;574
201409270945;251;609
201409271000;244;641
201409271015;374;669
201409271030;376;693
201409271045;324;714
201409271100;381;732
201409271115;363;745
201409271130;412;757
201409271145;401;784
201409271200;398;771
201409271215;435;779
201409271230;366;774
201409271245;466;806
201409271300;443;786
201409271315;354;730
201409271330;287;742
201409271345;327;717
201409271400;354;683
201409271415;292;662
201409271430;289;619
201409271445;232;587
201409271500;290;567
201409271515;341;608
201409271530;260;547
201409271545;170;450
201409271600;168;400
201409271615;151;372
201409271630;77;273
201409271645;87;213
201409271700;68;169
201409271715;40;112
201409271730;31;77
201409271745;14;28
201409271800;9;3
201409271815;0;0
201409271830;0;0
201409271845;0;0
201409271900;0;0
201409271915;0;0
201409271930;0;0
201409271945;0;0
201409272000;0;0
201409272015;0;0
201409272030;0;0
201409272045;0;0
201409272100;0;0
201409272115;0;0
201409272130;0;0
201409272145;0;0
201409272200;0;0
201409272215;0;0
201409272230;0;0
201409272245;0;0
201409272300;0;0
201409272315;0;0
201409272330;0;0
201409272345;0;0
201409280000;0;0
201409280015;0;0
201409280030;0;0
201409280045;0;0
201409280100;0;0
201409280115;0;0
201409280130;0;0
201409280145;0;0
201409280200;0;0
201409280215;0;0
201409280230;0;0
201409280245;0;0
201409280300;0;0
201409280315;0;0
201409280330;0;0
201409280345;0;0
201409280400;0;0
201409280415;0;0
201409280430;0;0
201409280445;0;0
201409280500;0;0
201409280515;0;0
201409280530;0;0
201409280545;0;0
201409280600;9;1
201409280615;10;8
201409280630;13;17
201409280645;14;25
201409280700;33;78
201409280715;50;140
201409280730;83;200
201409280745;102;222
201409280800;125;289
201409280815;169;402
201409280830;161;477
201409280845;247;568
201409280900;155;293
201409280915;162;300
201409280930;162;294
201409280945;106;188
201409281000;103;183
201409281015;83;146
201409281030;66;106
201409281045;68;106
201409281100;68;108
201409281115;57;89
201409281130;80;133
201409281145;115;199
201409281200;127;225
201409281215;127;209
201409281230;93;162
201409281245;81;133
201409281300;76;123
201409281315;75;120
201409281330;86;147
201409281345;118;205
201409281400;117;202
201409281415;84;145
201409281430;77;130
201409281445;77;132
201409281500;132;247
201409281515;135;271
201409281530;116;254
201409281545;119;265
201409281600;155;368
201409281615;112;294
201409281630;59;212
201409281645;48;115
201409281700;27;63
201409281715;14;24
201409281730;11;13
201409281745;10;13
201409281800;9;2
201409281815;0;0
201409281830;0;0
201409281845;0;0
201409281900;0;0
201409281915;0;0
201409281930;0;0
201409281945;0;0
201409282000;0;0
201409282015;0;0
201409282030;0;0
201409282045;0;0
201409282100;0;0
201409282115;0;0
201409282130;0;0
201409282145;0;0
201409282200;0;0
201409282215;0;0
201409282230;0;0
201409282245;0;0
201409282300;0;0
201409282315;0;0
201409282330;0;0
201409282345;0;0
201409290000;0;0
201409290015;0;0
201409290030;0;0
201409290045;0;0
201409290100;0;0
201409290115;0;0
201409290130;0;0
201409290145;0;0
201409290200;0;0
201409290215;0;0
201409290230;0;0
201409290245;0;0
201409290300;0;0
201409290315;0;0
201409290330;0;0
201409290345;0;0
201409290400;0;0
201409290415;0;0
201409290430;0;0
201409290445;0;0
201409290500;0;0
201409290515;0;0
201409290530;0;0
201409290545;0;0
201409290600;9;1
201409290615;10;8
201409290630;17;35
201409290645;34;80
201409290700;43;134
201409290715;59;176
201409290730;85;198
201409290745;114;227
201409290800;130;275
201409290815;126;327
201409290830;97;379
201409290845;143;428
201409290900;106;475
201409290915;135;517
201409290930;188;560
201409290945;252;598
201409291000;231;633
201504200845;394;549
201504200900;419;593
201504200915;436;634
201504200930;464;674
201504200945;572;710
201504201000;630;741
201504201015;650;770
201504201030;608;794
201504201045;560;814
201504201100;625;826
201504201115;621;841
201504201130;640;862
201504201145;657;875
201504201200;707;902
201504201215;709;905
201504201230;729;905
201504201245;729;897
201504201300;743;891
201504201315;693;852
201504201330;585;862
201504201345;671;850
201504201400;706;825
201504201415;618;816
201504201430;526;815
201504201445;562;880
201504201500;597;703
201504201515;331;439
201504201530;353;446
201504201545;281;296
201504201600;215;263
201504201615;197;234
201504201630;161;192
201504201645;144;172
201504201700;127;142
201504201715;100;108
201504201730;76;80
201504201745;59;61
201504201800;45;44
201504201815;33;28
201504201830;22;18
201504201845;17;11
201504201900;0;0
201504201915;0;0
201504201930;0;0
201504201945;0;0
201504202000;0;0
201504202015;0;0
201504202030;0;0
201504202045;0;0
201504202100;0;0
201504202115;0;0
201504202130;0;0
201504202145;0;0
201504202200;0;0
201504202215;0;0
201504202230;0;0
201504202245;0;0
201504202300;0;0
201504202315;0;0
201504202330;0;0
201504202345;0;0
201504210000;0;0
201504210015;0;0
201504210030;0;0
201504210045;0;0
201504210100;0;0
201504210115;0;0
201504210130;0;0
201504210145;0;0
201504210200;0;0
201504210215;0;0
201504210230;0;0
201504210245;0;0
201504210300;0;0
201504210315;0;0
201504210330;0;0
201504210345;0;0
201504210400;0;0
201504210415;0;0
201504210430;0;0
201504210445;0;0
201504210500;0;0
201504210515;0;0
201504210530;7;1
201504210545;11;8
201504210600;17;17
201504210615;26;29
201504210630;35;42
201504210645;48;61
201504210700;54;65
201504210715;68;88
201504210730;84;110
201504210745;94;142
201504210800;195;265
201504210815;212;297
201504210830;224;299
201504210845;246;315
201504210900;254;362
201504210915;347;477
201504210930;340;467
201504210945;465;602
201504211000;391;547
201504211015;525;725
201504211030;621;740
201504211045;505;736
201504211100;527;672
201504211115;517;769
201504211130;635;810
201504211145;586;793
201504211200;658;855
201504211215;730;887
201504211230;766;875
201504211245;762;875
201504211300;687;860
201504211315;633;850
201504211330;570;810
201504211345;592;799
201504211400;545;648
201504211415;387;508
201504211430;342;397
201504211445;212;274
201504211500;242;352
201504211515;308;397
201504211530;228;299
201504211545;224;299
201504211600;227;316
201504211615;225;291
201504211630;180;232
201504211645;150;193
201504211700;122;156
201504211715;98;126
201504211730;76;98
201504211745;59;76
201504211800;44;54
201504211815;29;33
201504211830;20;29
201504211845;14;14
201504211900;8;2
201504211915;0;0
201504211930;0;0
201504211945;0;0
201504212000;0;0
201504212015;0;0
201504212030;0;0
201504212045;0;0
201504212100;0;0
201504212115;0;0
201504212130;0;0
201504212145;0;0
201504212200;0;0
201504212215;0;0
201504212230;0;0
201504212245;0;0
201504212300;0;0
201504212315;0;0
201504212330;0;0
201504212345;0;0
201504220000;0;0
201504220015;0;0
201504220030;0;0
201504220045;0;0
201504220100;0;0
201504220115;0;0
201504220130;0;0
201504220145;0;0
201504220200;0;0
201504220215;0;0
201504220230;0;0
201504220245;0;0
201504220300;0;0
201504220315;0;0
201504220330;0;0
201504220345;0;0
201504220400;0;0
201504220415;0;0
201504220430;0;0
201504220445;0;0
201504220500;0;0
201504220515;0;0
201504220530;5;4
201504220545;12;15
201504220600;25;39
201504220615;39;50
201504220630;41;50
201504220645;42;53
201504220700;45;55
201504220715;46;59
201504220730;61;86
201504220745;82;104
201504220800;98;136
201504220815;133;179
201504220830;162;228
201504220845;250;332
201504220900;223;297
201504220915;273;375
201504220930;434;653
201504220945;455;624
201504221000;545;634
201504221015;579;756
201504221030;610;754
201504221045;559;784
201504221100;584;818
201504221115;599;833
201504221130;623;852
201504221145;620;864
201504221200;645;873
201504221215;686;874
201504221230;718;881
201504221245;776;872
201504221300;722;877
201504221315;678;880
201504221330;635;935
201504221345;589;729
201504221400;451;604
201504221415;411;557
201504221430;415;577
201504221445;400;547
201504221500;358;487
201504221515;292;389
201504221530;267;380
201504221545;275;389
201504221600;253;341
201504221615;206;275
201504221630;174;235
201504221645;151;205
201504221700;146;216
201504221715;140;186
201504221730;117;167
201504221745;115;168
201504221800;91;129
201504221815;53;58
201504221830;30;40
201504221845;15;11
201504221900;0;0
201504221915;0;0
201504221930;0;0
201504221945;0;0
201504222000;0;0
201504222015;0;0
201504222030;0;0
201504222045;0;0
201504222100;0;0
201504222115;0;0
201504222130;0;0
201504222145;0;0
201504222200;0;0
201504222215;0;0
201504222230;0;0
201504222245;0;0
201504222300;0;0
201504222315;0;0
201504222330;0;0
201504222345;0;0
201504230000;0;0
201504230015;0;0
201504230030;0;0
201504230045;0;0
201504230100;0;0
201504230115;0;0
201504230130;0;0
201504230145;0;0
201504230200;0;0
201504230215;0;0
201504230230;0;0
201504230245;0;0
201504230300;0;0
201504230315;0;0
201504230330;0;0
201504230345;0;0
201504230400;0;0
201504230415;0;0
201504230430;0;0
201504230445;0;0
201504230500;0;0
201504230515;0;0
201504230530;5;4
201504230545;11;14
201504230600;27;46
201504230615;56;79
201504230630;78;120
201504230645;126;163
201504230700;158;207
201504230715;207;255
201504230730;226;298
201504230745;308;346
201504230800;332;391
201504230815;369;447
201504230830;382;499
201504230845;397;541
201504230900;425;583
201504230915;454;623
201504230930;494;668
201504230945;522;704
201504231000;592;735
201504231015;617;766
201504231030;614;794
201504231045;582;816
201504231100;613;836
201504231115;625;854
201504231130;644;867
201504231145;620;881
201504231200;634;888
201504231215;675;893
201504231230;715;899
201504231245;785;891
201504231300;715;887
201504231315;642;850
201504231330;570;850
201504231345;577;835
201504231400;561;813
201504231415;536;797
201504231430;508;755
201504231445;482;729
201504231500;469;708
201504231515;446;663
201504231530;433;616
201504231545;401;589
201504231600;359;527
201504231615;277;357
201504231630;191;260
201504231645;167;226
201504231700;105;156
201504231715;175;304
201504231730;180;251
201504231745;120;153
201504231800;48;77
201504231815;30;40
201504231830;17;22
201504231845;11;9
201504231900;0;0
201504231915;0;0
201504231930;0;0
201504231945;0;0
201504232000;0;0
201504232015;0;0
201504232030;0;0
201504232045;0;0
201504232100;0;0
201504232115;0;0
201504232130;0;0
201504232145;0;0
201504232200;0;0
201504232215;0;0
201504232230;0;0
201504232245;0;0
201504232300;0;0
201504232315;0;0
201504232330;0;0
201504232345;0;0
201504240000;0;0
201504240015;0;0
201504240030;0;0
201504240045;0;0
201504240100;0;0
201504240115;0;0
201504240130;0;0
201504240145;0;0
201504240200;0;0
201504240215;0;0
201504240230;0;0
201504240245;0;0
201504240300;0;0
201504240315;0;0
201504240330;0;0
201504240345;0;0
201504240400;0;0
201504240415;0;0
201504240430;0;0
201504240445;0;0
201504240500;0;0
201504240515;0;0
201504240530;5;4
201504240545;15;22
201504240600;31;45
201504240615;41;58
201504240630;67;108
201504240645;133;202
201504240700;147;176
201504240715;139;178
201504240730;146;188
201504240745;150;246
201504240800;280;348
201504240815;200;247
201504240830;185;242
201504240845;246;407
201504240900;308;367
201504240915;348;565
201504240930;381;478
201504240945;403;474
201504241000;295;492
201504241015;467;582
201504241030;416;676
201504241045;560;765
201504241100;658;913
201504241115;697;922
201504241130;678;965
201504241145;609;745
201504241200;-9999;710
201504241215;-9999;-9999
201504241230;-9999;-9999
201504241245;-9999;-9999
201505311415;-9999;-9999
201505311430;-9999;-9999
201505311445;-9999;-9999
201505311500;-9999;-9999
201505311515;99;360
201505311530;115;315
201505311545;90;248
201505311600;94;263
201505311615;164;445
201505311630;166;489
201505311645;179;454
201505311700;144;427
201505311715;113;316
201505311730;102;315
201505311745;93;294
201505311800;42;225
201505311815;28;173
201505311830;16;126
201505311845;5;85
201505311900;2;41
201505311915;2;6
201505311930;0;0
201505311945;0;0
201505312000;0;0
201505312015;0;0
201505312030;0;0
201505312045;0;0
201505312100;0;0
201505312115;0;0
201505312130;0;0
201505312145;0;0
201505312200;0;0
201505312215;0;0
201505312230;0;0
201505312245;0;0
201505312300;0;0
201505312315;0;0
201505312330;0;0
201505312345;0;0
201506010000;0;0
201505311415;0;0
201505311430;0;0
201505311445;0;0
201505311500;0;0
201505311515;0;0
201505311530;0;0
201505311545;0;0
201505311600;0;0
201505311615;0;0
201505311630;0;0
201505311645;0;0
201505311700;0;0
201505311715;0;0
201505311730;0;0
201505311745;0;0
201505311800;0;0
201505311815;2;1
201505311830;2;1
201505311845;2;2
201505311900;3;7
201505311915;4;14
201505311930;9;26
201505311945;28;72
201505312000;42;114
201505312015;42;113
201505312030;49;144
201505312045;45;139
201505312100;84;218
201505312115;94;242
201505312130;100;279
201505312145;154;390
201505312200;188;505
201505312215;250;450
201505312230;205;580
201505312245;303;646
201505312300;291;716
201505312315;261;719
201505312330;401;743
201505312345;557;903
201506010000;408;753
201505311415;236;571
201505311430;414;995
201505311445;419;875
201505311500;485;840
201505311515;533;960
201505311530;499;976
201505311545;510;973
201505311600;480;984
201505311615;562;990
201505311630;626;990
201505311645;498;985
201505311700;477;976
201505311715;471;955
201505311730;471;947
201505311745;493;928
201505311800;513;904
201505311815;577;882
201505311830;441;854
201505311845;393;825
201505311900;411;783
201505311915;293;729
201505311930;313;714
201505311945;239;667
201505312000;148;616
201505312015;206;575
201505312030;115;431
201505312045;132;435
201505312100;124;426
201505312115;129;373
201505312130;101;318
201505312145;72;266
201505312200;45;217
201505312215;31;169
201505312230;16;122
201505312245;7;82
201505312300;3;46
201505312315;2;19
201505312330;1;2
201505312345;0;0
201506010000;0;0
201505311415;0;0
201505311430;0;0
201505311445;0;0
201505311500;0;0
201505311515;0;0
201505311530;0;0
201505311545;0;0
201505311600;0;0
201505311615;0;0
201505311630;0;0
201505311645;0;0
201505311700;0;0
201505311715;0;0
201505311730;0;0
201505311745;0;0
201505311800;0;0
201505311815;0;0
201505311830;0;0
201505311845;0;0
201505311900;0;0
201505311915;0;0
201505311930;0;0
201505311945;0;0
201505312000;0;0
201505312015;0;0
201505312030;0;0
201505312045;0;0
201505312100;0;0
201505312115;0;0
201505312130;0;0
201505312145;0;0
201505312200;0;0
201505312215;0;0
201505312230;0;0
201505312245;2;1
201505312300;2;10
201505312315;6;25
201505312330;6;32
201505312345;15;87
201506010000;35;153
201505311415;53;187
201505311430;63;230
201505311445;95;277
201505311500;140;307
201505311515;122;311
201505311530;88;281
201505311545;124;345
201505311600;209;515
201505311615;158;402
201505311630;187;502
201505311645;321;677
201505311700;280;632
201505311715;284;741
201505311730;503;784
201505311745;462;723
201505311800;522;830
201505311815;464;871
201505311830;351;898
201505311845;441;921
201505311900;507;939
201505311915;528;954
201505311930;511;966
201505311945;556;976
201505312000;525;977
201505312015;559;979
201505312030;692;981
201505312045;539;982
201505312100;487;974
201505312115;469;964
201505312130;397;951
201505312145;482;931
201505312200;561;910
201505312215;596;885
201505312230;510;852
201505312245;459;817
201505312300;417;787
201505312315;393;748
201505312330;313;709
201505312345;262;666
201506010000;155;622
201505311415;196;570
201505311430;143;527
201505311445;128;432
201505311500;70;241
201505311515;109;327
201505311530;97;342
201505311545;61;243
201505311600;39;182
201505311615;37;177
201505311630;17;105
201505311645;4;48
201505311700;2;16
201505311715;1;6
201505311730;1;1
201505311745;0;0
201505311800;0;0
201505311815;0;0
201505311830;0;0
201505311845;0;0
201505311900;0;0
201505311915;0;0
201505311930;0;0
201505311945;0;0
201505312000;0;0
201505312015;0;0
201505312030;0;0
201505312045;0;0
201505312100;0;0
201505312115;0;0
201505312130;0;0
201505312145;0;0
201505312200;0;0
201505312215;0;0
201505312230;0;0
201505312245;0;0
201505312300;0;0
201505312315;0;0
201505312330;0;0
201505312345;0;0
201506010000;0;0
201505311415;0;0
201505311430;0;0
201505311445;0;0
201505311500;0;0
201505311515;0;0
201505311530;0;0
201505311545;0;0
201505311600;0;0
201505311615;0;0
201505311630;0;0
201505311645;1;1
201505311700;2;5
201505311715;3;22
201505311730;10;57
201505311745;20;94
201505311800;32;136
201505311815;48;181
201505311830;63;230
201505311845;96;278
201505311900;161;327
201505311915;-9999;-9999
201505311930;-9999;-9999
201505311945;-9999;-9999
201505312000;-9999;-9999
201505312015;-9999;-9999
201505312030;-9999;-9999
201507090900;84;260
201507090915;90;312
201507090930;92;258
201507090945;86;251
201507091000;143;407
201507091015;166;472
201507091030;196;499
201507091045;172;523
201507091100;285;651
201507091115;166;469
201507091130;228;582
201507091145;261;820
201507091200;392;1014
201507091214;301;756
201507091229;480;894
201507091244;296;667
201507091259;375;977
201507091314;350;766
201507091329;416;899
201507091344;419;793
201507091359;439;933
201507091414;435;924
201507091429;336;887
201507091444;218;832
201507091459;228;809
201507091514;267;764
201507091529;184;608
201507091544;202;643
201507091559;122;589
201507091614;90;536
201507091629;86;451
201507091644;95;371
201507091659;106;411
201507091714;83;377
201507091729;38;160
201507091744;63;235
201507091759;44;202
201507091814;23;125
201507091829;13;67
201507091844;7;37
201507091859;2;22
201507091914;2;9
201507091929;2;3
201507091944;0;0
201507091959;0;0
201507092014;0;0
201507092029;0;0
201507092044;0;0
201507092059;0;0
201507092114;0;0
201507092129;0;0
201507092144;0;0
201507092159;0;0
201507092214;0;0
201507092229;0;0
201507092244;0;0
201507092259;0;0
201507092314;0;0
201507092329;0;0
201507092344;0;0
201507092359;0;0
201507100014;0;0
201507100029;0;0
201507100044;0;0
201507100059;0;0
201507100114;0;0
201507100129;0;0
201507100144;0;0
201507100159;0;0
201507100214;0;0
201507100229;0;0
201507100244;0;0
201507100259;0;0
201507100314;0;0
201507100329;0;0
201507100344;0;0
201507100359;0;0
201507100414;0;0
201507100429;0;0
201507100444;0;0
201507100459;0;0
201507100514;2;3
201507100529;3;7
201507100544;3;10
201507100559;4;16
201507100614;6;25
201507100629;9;35
201507100644;14;43
201507100659;17;55
201507100714;24;70
201507100729;36;105
201507100744;49;156
201507100759;59;178
201507100814;66;187
201507100829;66;195
201507100844;69;197
201507100859;64;195
201507100914;71;209
201507100929;39;125
201507100944;46;150
201507101000;88;258
201507101015;100;298
201507101030;99;293
201507101045;112;339
201507101100;173;477
201507101115;292;751
201507101130;270;731
201507101145;253;761
201507101200;391;1031
201507101215;362;876
201507101230;261;634
201507101245;436;868
201507101300;424;943
201507101315;531;956
201507101330;483;990
201507101345;412;868
201507101400;476;885
201507101415;421;874
201507101430;334;844
201507101445;207;835
201507101500;131;524
201507101515;229;708
201507101530;220;702
201507101545;187;604
201507101600;119;516
201507101615;99;614
201507101630;94;547
201507101645;127;492
201507101700;108;412
201507101715;85;382
201507101730;71;315
201507101745;80;286
201507101800;50;238
201507101815;25;161
201507101830;15;117
201507101845;5;59
201507101900;2;20
201507101915;1;13
201507101930;1;6
201507101945;0;0
201507102000;0;0
201507102015;0;0
201507102030;0;0
201507102045;0;0
201507102100;0;0
201507102115;0;0
201507102130;0;0
201507102145;0;0
201507102200;0;0
201507102215;0;0
201507102230;0;0
201507102245;0;0
201507102300;0;0
201507102315;0;0
201507102330;0;0
201507102345;0;0
201507110000;0;0
201507110015;0;0
201507110030;0;0
201507110045;0;0
201507110100;0;0
201507110115;0;0
201507110130;0;0
201507110145;0;0
201507110200;0;0
201507110215;0;0
201507110230;0;0
201507110245;0;0
201507110300;0;0
201507110315;0;0
201507110330;0;0
201507110345;0;0
201507110400;0;0
201507110415;0;0
201507110430;0;0
201507110445;0;0
201507110500;2;4
201507110515;4;18
201507110530;7;43
201507110545;12;73
201507110600;21;109
201507110615;32;152
201507110630;38;195
201507110645;61;240
201507110700;88;289
201507110715;111;336
201507110730;122;387
201507110745;193;435
201507110800;182;483
201507110815;131;532
201507110830;187;575
201507110845;277;619
201507110900;338;662
201507110915;446;705
201507110930;473;741
201507110945;519;777
201507111000;439;811
201507111015;395;839
201507111030;392;866
201507111045;415;889
201507111100;423;911
201507111115;351;928
201507111130;300;944
201507111145;304;953
201507111200;376;962
201507111215;510;969
201507111230;540;970
201507111245;488;970
201507111300;436;960
201507111315;488;947
201507111330;467;936
201507111345;454;898
201507111400;486;887
201507111415;441;887
201507111430;357;854
201507111445;219;824
201507111500;202;787
201507111515;247;751
201507111529;206;710
201507111544;197;666
201507111559;117;622
201507111614;79;578
201507111629;101;534
201507111644;136;490
201507111659;117;434
201507111714;81;377
201507111729;81;317
201507111744;80;290
201507111759;49;236
201507111814;28;176
201507111829;7;61
201507111844;3;34
201507111859;1;19
201507111914;2;11
201507111929;2;2
201507111944;0;0
201507111959;0;0
201507112014;0;0
201507112029;0;0
201507112044;0;0
201507112059;0;0
201507112114;0;0
201507112129;0;0
201507112144;0;0
201507112159;0;0
201507112214;0;0
201507112229;0;0
201507112244;0;0
201507112259;0;0
201507112314;0;0
201507112329;0;0
201507112344;0;0
201507112359;0;0
201507120014;0;0
201507120029;0;0
201507120044;0;0
201507120059;0;0
201507120114;0;0
201507120129;0;0
201507120144;0;0
201507120159;0;0
201507120214;0;0
201507120229;0;0
201507120244;0;0
201507120259;0;0
201507120314;0;0
201507120329;0;0
201507120344;0;0
201507120359;0;0
201507120414;0;0
201507120429;0;0
201507120444;0;0
201507120459;2;8
201507120514;4;14
201507120529;11;35
201507120544;20;58
201507120559;21;64
201507120614;31;91
201507120629;42;135
201507120644;45;141
201507120659;42;124
201507120714;47;139
201507120729;94;251
201507120744;105;288
201507120759;86;245
201507120814;94;274
201507120829;168;475
201507120844;130;353
201507120859;107;313
201507120914;136;354
201507120929;242;501
201507120944;388;711
201507120959;354;724
201507121014;185;461
201507121029;266;629
201507121044;339;743
201507121059;423;921
201507121114;350;935
201507121129;288;937
201507121144;334;944
201507121159;368;951
201507121214;496;953
201507121229;532;948
201507121244;452;934
201507121259;413;936
201507121314;462;915
201507121329;445;904
201507121344;423;882
201507121359;472;864
201507121414;393;823
201507121429;316;792
201507121444;242;828
201507121459;198;765
201507121514;213;705
201507121529;167;559
201507121544;193;606
201507121600;135;655
201507121615;84;598
201507121630;82;552
201507121645;132;512
201507121700;123;463
201507121715;86;388
201507121730;82;338
201507121745;77;287
201507121800;52;243
201507121815;29;191
201507121830;20;143
201507121845;9;97
201507121900;4;61
201507121915;3;32
201507121930;2;8
201507121945;0;0
201507122000;0;0
201507122015;0;0
201507122030;0;0
201507122045;0;0
201507122100;0;0
201507122115;0;0
201507122130;0;0
201507122145;0;0
201507122200;0;0
201507122215;0;0
201507122230;0;0
201507122245;0;0
201507122300;0;0
201507122315;0;0
201507122330;0;0
201507122345;0;0
201507130000;0;0
201507130015;0;0
201507130030;0;0
201507130045;0;0
201507130100;0;0
201507130115;0;0
201507130130;0;0
201507130145;0;0
201507130200;0;0
201507130215;0;0
201507130230;0;0
201507130245;0;0
201507130300;0;0
201507130315;0;0
201507130330;0;0
201507130345;0;0
201507130400;0;0
201507130415;0;0
201507130430;0;0
201507130445;0;0
201507130500;2;3
201507130515;2;13
201507130530;5;39
201507130545;11;68
201507130600;21;104
201507130615;33;149
201507130630;38;194
201507130645;68;238
201507130700;93;284
201507130715;105;331
201507130730;131;379
201507130745;185;430
201507130800;173;478
201507130815;122;526
201507130830;-9999;-9999
201507130845;-9999;-9999
201508101015;375;798
201508101030;344;827
201508101045;437;864
201508101100;405;886
201508101115;492;905
201508101130;486;923
201508101145;458;937
201508101200;448;944
201508101215;428;941
201508101230;440;951
201508101245;447;906
201508101300;355;793
201508101315;439;959
201508101330;400;892
201508101345;394;894
201508101400;381;879
201508101415;355;862
201508101430;332;831
201508101445;283;792
201508101500;277;760
201508101515;213;727
201508101530;170;596
201508101545;133;459
201508101600;160;550
201508101615;122;381
201508101630;112;304
201508101645;131;325
201508101700;79;272
201508101715;74;264
201508101730;91;304
201508101745;83;246
201508101800;30;141
201508101815;20;86
201508101830;6;44
201508101845;3;22
201508101900;2;6
201508101915;0;0
201508101930;0;0
201508101945;0;0
201508102000;0;0
201508102015;0;0
201508102030;0;0
201508102045;0;0
201508102100;0;0
201508102115;0;0
201508102130;0;0
201508102145;0;0
201508102200;0;0
201508102215;0;0
201508102230;0;0
201508102245;0;0
201508102300;0;0
201508102315;0;0
201508102330;0;0
201508102345;0;0
201508110000;0;0
201508110015;0;0
201508110030;0;0
201508110045;0;0
201508110100;0;0
201508110115;0;0
201508110130;0;0
201508110145;0;0
201508110200;0;0
201508110215;0;0
201508110230;0;0
201508110245;0;0
201508110300;0;0
201508110315;0;0
201508110330;0;0
201508110345;0;0
201508110400;0;0
201508110415;0;0
201508110430;0;0
201508110445;0;0
201508110500;0;0
201508110515;2;1
201508110530;2;9
201508110545;4;29
201508110600;10;60
201508110615;20;96
201508110630;37;140
201508110645;59;186
201508110700;72;236
201508110715;116;285
201508110730;103;333
201508110745;118;384
201508110800;208;434
201508110815;229;484
201508110830;274;547
201508110845;350;584
201508110900;309;645
201508110915;277;618
201508110930;317;692
201508110945;303;761
201508111000;250;796
201508111015;376;814
201508111030;346;841
201508111045;395;866
201508111100;408;886
201508111115;432;905
201508111130;484;920
201508111145;417;929
201508111200;448;936
201508111215;426;940
201508111230;435;942
201508111245;441;938
201508111300;442;932
201508111315;408;918
201508111330;402;909
201508111345;393;891
201508111400;377;867
201508111415;362;843
201508111430;335;814
201508111445;271;782
201508111500;271;748
201508111515;205;714
201508111530;180;671
201508111545;167;625
201508111600;158;581
201508111615;164;533
201508111630;215;482
201508111645;194;431
201508111700;101;379
201508111715;88;324
201508111730;76;270
201508111745;67;217
201508111800;27;165
201508111815;18;113
201508111830;5;71
201508111845;2;38
201508111900;2;11
201508111915;0;0
201508111930;0;0
201508111945;0;0
201508112000;0;0
201508112015;0;0
201508112030;0;0
201508112045;0;0
201508112100;0;0
201508112115;0;0
201508112130;0;0
201508112145;0;0
201508112200;0;0
201508112215;0;0
201508112230;0;0
201508112245;0;0
201508112300;0;0
201508112315;0;0
201508112330;0;0
201508112345;0;0
201508120000;0;0
201508120015;0;0
201508120030;0;0
201508120045;0;0
201508120100;0;0
201508120115;0;0
201508120130;0;0
201508120145;0;0
201508120200;0;0
201508120215;0;0
201508120230;0;0
201508120245;0;0
201508120300;0;0
201508120315;0;0
201508120330;0;0
201508120345;0;0
201508120400;0;0
201508120415;0;0
201508120430;0;0
201508120445;0;0
201508120500;0;0
201508120515;0;0
201508120530;2;7
201508120545;4;26
201508120600;8;56
201508120615;19;93
201508120630;31;137
201508120645;45;182
201508120700;74;230
201508120715;129;281
201508120730;102;334
201508120745;122;387
201508120800;199;437
201508120815;232;487
201508120830;276;534
201508120845;357;579
201508120900;307;623
201508120915;311;665
201508120930;325;704
201508120945;310;742
201508121000;250;776
201508121015;335;810
201508121030;348;839
201508121045;386;866
201508121100;403;887
201508121115;392;906
201508121130;507;921
201508121145;421;932
201508121200;466;940
201508121215;429;948
201508121230;439;947
201508121245;433;945
201508121300;483;937
201508121315;409;927
201508121330;400;913
201508121345;394;895
201508121400;380;873
201508121415;366;848
201508121430;335;820
201508121445;263;786
201508121500;269;752
201508121515;207;715
201508121530;180;675
201508121545;164;631
201508121600;153;585
201508121615;168;537
201508121630;234;487
201508121645;203;437
201508121700;110;384
201508121715;90;331
201508121730;76;277
201508121745;75;221
201508121800;24;166
201508121815;14;113
201508121830;3;69
201508121845;2;38
201508121900;1;13
201508121915;0;0
201508121930;0;0
201508121945;0;0
201508122000;0;0
201508122015;0;0
201508122030;0;0
201508122045;0;0
201508122100;0;0
201508122115;0;0
201508122130;0;0
201508122145;0;0
201508122200;0;0
201508122215;0;0
201508122230;0;0
201508122245;0;0
201508122300;0;0
201508122315;0;0
201508122330;0;0
201508122345;0;0
201508130000;0;0
201508130015;0;0
201508130030;0;0
201508130045;0;0
201508130100;0;0
201508130115;0;0
201508130130;0;0
201508130145;0;0
201508130200;0;0
201508130215;0;0
201508130230;0;0
201508130245;0;0
201508130300;0;0
201508130315;0;0
201508130330;0;0
201508130345;0;0
201508130400;0;0
201508130415;0;0
201508130430;0;0
201508130445;0;0
201508130500;0;0
201508130515;2;1
201508130530;2;7
201508130545;3;26
201508130600;9;55
201508130615;18;91
201508130630;31;135
201508130645;47;180
201508130700;77;229
201508130715;126;279
201508130730;97;330
201508130745;127;381
201508130800;183;429
201508130815;223;480
201508130830;273;529
201508130845;366;579
201508130900;318;624
201508130915;332;667
201508130930;323;709
201508130945;324;747
201508131000;243;781
201508131015;313;814
201508131030;337;841
201508131045;394;865
201508131100;-9999;-9999
201508131115;-9999;-9999
201508131130;-9999;-9999
201604300930;478;-9999
201604300945;523;802
201604301000;532;827
201604301015;543;854
201604301030;504;887
201604301045;427;906
201604301100;556;928
201604301115;587;945
201604301130;718;957
201604301145;734;966
201604301200;655;972
201604301215;547;973
201604301230;628;974
201604301245;706;968
201604301300;559;957
201604301315;643;943
201604301330;609;924
201604301345;575;901
201604301400;557;874
201604301415;534;842
201604301430;511;819
201604301445;489;790
201604301500;459;749
201604301515;431;705
201604301530;404;658
201604301545;375;614
201604301600;352;567
201604301615;296;512
201604301630;341;457
201604301645;267;416
201604301700;204;375
201604301715;131;315
201604301730;121;254
201604301745;93;196
201604301800;60;140
201604301815;30;87
201604301830;9;46
201604301845;3;25
201604301900;2;4
201604301915;0;0
201604301930;0;0
201604301945;0;0
201604302000;0;0
201604302015;0;0
201604302030;0;0
201604302045;0;0
201604302100;0;0
201604302115;0;0
201604302130;0;0
201604302145;0;0
201604302200;0;0
201604302215;0;0
201604302230;0;0
201604302245;0;0
201604302300;0;0
201604302315;0;0
201604302330;0;0
201604302345;0;0
201605010000;0;0
201605010015;0;0
201605010030;0;0
201605010045;0;0
201605010100;0;0
201605010115;0;0
201605010130;0;0
201605010145;0;0
201605010200;0;0
201605010215;0;0
201605010230;0;0
201605010245;0;0
201605010300;0;0
201605010315;0;0
201605010330;0;0
201605010345;0;0
201605010400;0;0
201605010415;0;0
201605010430;0;0
201605010445;0;0
201605010500;0;0
201605010515;2;4
201605010530;6;18
201605010545;17;40
201605010600;38;72
201605010615;63;112
201605010630;103;157
201605010645;134;205
201605010700;170;256
201605010715;227;306
201605010730;336;355
201605010745;346;405
201605010800;322;453
201605010815;347;502
201605010830;367;552
201605010845;387;599
201605010900;427;642
201605010915;456;685
201605010930;481;725
201605010945;496;759
201605011000;495;791
201605011015;538;822
201605011030;593;848
201605011045;509;874
201605011100;539;892
201605011115;574;911
201605011130;648;925
201605011145;706;935
201605011200;619;942
201605011215;491;944
201605011230;566;949
201605011245;702;945
201605011300;534;942
201605011315;599;932
201605011330;610;917
201605011345;515;900
201605011400;537;874
201605011415;522;844
201605011430;498;812
201605011445;475;780
201605011500;458;755
201605011515;426;713
201605011530;400;670
201605011545;366;620
201605011600;321;572
201605011615;306;526
201605011630;303;482
201605011645;233;435
201605011700;195;394
201605011715;183;411
201605011730;131;292
201605011745;77;184
201605011800;76;181
201605011815;35;83
201605011830;20;46
201605011845;7;26
201605011900;2;9
201605011915;0;0
201605011930;0;0
201605011945;0;0
201605012000;0;0
201605012015;0;0
201605012030;0;0
201605012045;0;0
201605012100;0;0
201605012115;0;0
201605012130;0;0
201605012145;0;0
201605012200;0;0
201605012215;0;0
201605012230;0;0
201605012245;0;0
201605012300;0;0
201605012315;0;0
201605012330;0;0
201605012345;0;0
201605020000;0;0
201605020015;0;0
201605020030;0;0
201605020045;0;0
201605020100;0;0
201605020115;0;0
201605020130;0;0
201605020145;0;0
201605020200;0;0
201605020215;0;0
201605020230;0;0
201605020245;0;0
201605020300;0;0
201605020315;0;0
201605020330;0;0
201605020345;0;0
201605020400;0;0
201605020415;0;0
201605020430;0;0
201605020445;0;0
201605020500;0;0
201605020515;0;0
201605020530;6;18
201605020545;16;42
201605020600;37;69
201605020615;66;111
201605020630;94;155
201605020645;121;200
201605020700;147;251
201605020715;209;306
201605020730;306;361
201605020745;371;416
201605020800;325;465
201605020815;290;501
201605020830;333;555
201605020845;340;602
201605020900;433;647
201605020915;448;671
201605020930;483;718
201605020945;496;756
201605021000;494;786
201605021015;534;808
201605021030;539;835
201605021045;434;849
201605021100;503;894
201605021115;538;917
201605021130;594;931
201605021145;608;942
201605021200;592;949
201605021215;480;947
201605021230;544;966
201605021245;604;962
201605021300;474;923
201605021315;536;896
201605021330;577;916
201605021345;473;887
201605021400;472;840
201605021415;528;847
201605021430;503;818
201605021445;476;778
201605021500;455;750
201605021515;420;715
201605021530;399;667
201605021545;367;624
201605021600;336;580
201605021615;311;524
201605021630;321;468
201605021645;216;390
201605021700;137;332
201605021715;126;350
201605021730;115;272
201605021745;71;191
201605021800;41;116
201605021815;11;49
201605021830;4;24
201605021845;2;13
201605021900;1;2
201605021915;0;0
201605021930;0;0
201605021945;0;0
201605022000;0;0
201605022015;0;0
201605022030;0;0
201605022045;0;0
201605022100;0;0
201605022115;0;0
201605022130;0;0
201605022145;0;0
201605022200;0;0
201605022215;0;0
201605022230;0;0
201605022245;0;0
201605022300;0;0
201605022315;0;0
201605022330;0;0
201605022345;0;0
201605030000;0;0
201605030015;0;0
201605030030;0;0
201605030045;0;0
201605030100;0;0
201605030115;0;0
201605030130;0;0
201605030145;0;0
201605030200;0;0
201605030215;0;0
201605030230;0;0
201605030245;0;0
201605030300;0;0
201605030315;0;0
201605030330;0;0
201605030345;0;0
201605030400;0;0
201605030415;0;0
201605030430;0;0
201605030445;0;0
201605030500;2;1
201605030515;3;8
201605030530;10;32
201605030545;20;43
201605030600;37;79
201605030615;63;130
201605030630;71;157
201605030645;117;208
201605030700;189;310
201605030715;185;314
201605030730;242;357
201605030745;303;393
201605030800;256;391
201605030815;274;433
201605030830;272;446
201605030845;327;550
201605030900;284;470
201605030915;303;506
201605030930;333;548
201605030945;278;468
201605031000;324;543
201605031015;375;635
201605031030;378;660
201605031045;364;632
201605031100;429;766
201605031115;443;749
201605031130;441;716
201605031145;482;815
201605031200;543;908
201605031215;479;965
201605031230;383;695
201606090845;141;659
201606090900;208;701
201606090915;201;741
201606090930;251;781
201606090945;262;812
201606091000;256;844
201606091015;261;869
201606091030;243;893
201606091045;134;910
201606091100;262;928
201606091115;242;943
201606091130;185;955
201606091145;408;962
201606091200;376;967
201606091215;343;969
201606091230;323;971
201606091245;351;967
201606091300;180;956
201606091315;164;955
201606091330;162;938
201606091345;131;900
201606091400;138;838
201606091415;155;818
201606091430;131;799
201606091445;218;832
201606091500;351;796
201606091515;355;764
201606091530;310;727
201606091545;224;687
201606091600;131;642
201606091615;148;597
201606091630;147;552
201606091645;172;502
201606091700;88;450
201606091715;40;398
201606091730;36;347
201606091745;28;294
201606091800;30;242
201606091815;16;192
201606091830;7;142
201606091845;3;94
201606091900;2;60
201606091915;2;30
201606091930;2;6
201606091945;0;0
201606092000;0;0
201606092015;0;0
201606092030;0;0
201606092045;0;0
201606092100;0;0
201606092115;0;0
201606092130;0;0
201606092145;0;0
201606092200;0;0
201606092215;0;0
201606092230;0;0
201606092245;0;0
201606092300;0;0
201606092315;0;0
201606092330;0;0
201606092345;0;0
201606100000;0;0
201606100015;0;0
201606100030;0;0
201606100045;0;0
201606100100;0;0
201606100115;0;0
201606100130;0;0
201606100145;0;0
201606100200;0;0
201606100215;0;0
201606100230;0;0
201606100245;0;0
201606100300;0;0
201606100315;0;0
201606100330;0;0
201606100345;0;0
201606100400;0;0
201606100415;0;0
201606100430;0;0
201606100445;2;1
201606100500;2;9
201606100515;3;18
201606100530;4;44
201606100545;10;85
201606100600;22;139
201606100615;34;183
201606100630;41;234
201606100645;85;282
201606100700;86;329
201606100715;110;375
201606100730;125;427
201606100745;135;472
201606100800;96;525
201606100815;206;567
201606100830;120;612
201606100845;141;656
201606100900;171;701
201606100915;212;742
201606100930;250;784
201606100945;286;819
201606101000;242;839
201606101015;212;873
201606101030;245;899
201606101045;119;921
201606101100;264;939
201606101115;276;958
201606101130;156;965
201606101145;377;969
201606101200;356;974
201606101215;343;970
201606101230;323;971
201606101245;348;968
201606101300;213;960
201606101315;213;947
201606101330;193;950
201606101345;115;934
201606101400;169;915
201606101415;259;896
201606101430;162;867
201606101445;227;833
201606101500;329;792
201606101515;345;770
201606101530;255;732
201606101545;197;684
201606101600;156;653
201606101615;150;595
201606101630;142;550
201606101645;162;497
201606101700;92;455
201606101715;46;407
201606101730;39;354
201606101745;17;198
201606101800;26;200
201606101815;13;157
201606101830;9;145
201606101845;5;99
201606101900;2;55
201606101915;1;31
201606101930;1;6
201606101945;0;0
201606102000;0;0
201606102015;0;0
201606102030;0;0
201606102045;0;0
201606102100;0;0
201606102115;0;0
201606102130;0;0
201606102145;0;0
201606102200;0;0
201606102215;0;0
201606102230;0;0
201606102245;0;0
201606102300;0;0
201606102315;0;0
201606102330;0;0
201606102345;0;0
201606110000;0;0
201606110015;0;0
201606110030;0;0
201606110045;0;0
201606110100;0;0
201606110115;0;0
201606110130;0;0
201606110145;0;0
201606110200;0;0
201606110215;0;0
201606110230;0;0
201606110245;0;0
201606110300;0;0
201606110315;0;0
201606110330;0;0
201606110345;0;0
201606110400;0;0
201606110415;0;0
201606110430;0;0
201606110445;1;2
201606110500;2;8
201606110515;3;35
201606110530;7;63
201606110545;13;98
201606110600;18;104
201606110615;25;137
201606110630;33;171
201606110645;77;254
201606110700;79;322
201606110715;91;376
201606110730;135;420
201606110745;132;463
201606110800;89;521
201606110815;165;572
201606110830;125;619
201606110845;165;662
201606110900;241;705
201606110915;263;743
201606110930;242;784
201606110945;236;817
201606111000;253;853
201606111015;202;880
201606111030;161;907
201606111045;167;931
201606111100;252;951
201606111115;287;971
201606111130;263;960
201606111145;387;987
201606111200;381;998
201606111215;371;994
201606111230;295;989
201606111245;371;998
201606111300;263;991
201606111315;230;984
201606111330;131;796
201606111345;116;952
201606111400;155;950
201606111415;147;787
201606111430;160;812
201606111445;114;836
201606111500;205;714
201606111515;211;628
201606111530;185;632
201606111545;209;604
201606111600;83;370
201606111615;115;494
201606111630;76;351
201606111645;40;197
201606111700;38;180
201606111715;36;176
201606111730;44;258
201606111745;41;272
201606111800;46;278
201606111815;35;246
201606111830;16;151
201606111845;5;68
201606111900;2;45
201606111915;2;32
201606111930;1;10
201606111945;1;3
201606112000;0;0
201606112015;0;0
201606112030;0;0
201606112045;0;0
201606112100;0;0
201606112115;0;0
201606112130;0;0
201606112145;0;0
201606112200;0;0
201606112215;0;0
201606112230;0;0
201606112245;0;0
201606112300;0;0
201606112315;0;0
201606112330;0;0
201606112345;0;0
201606120000;0;0
201606120015;0;0
201606120030;0;0
201606120045;0;0
201606120100;0;0
201606120115;0;0
201606120130;0;0
201606120145;0;0
201606120200;0;0
201606120215;0;0
201606120230;0;0
201606120245;0;0
201606120300;0;0
201606120315;0;0
201606120330;0;0
201606120345;0;0
201606120400;0;0
201606120415;0;0
201606120430;0;0
201606120445;2;1
201606120500;2;6
201606120515;3;14
201606120530;4;36
201606120545;7;54
201606120600;16;112
201606120615;31;174
201606120630;43;222
201606120645;80;269
201606120700;81;319
201606120715;98;366
201606120730;126;415
201606120745;124;466
201606120800;81;489
201606120815;86;383
201606120830;113;622
201606120845;151;570
201606120900;241;699
201606120915;249;731
201606120930;238;763
201606120945;236;799
201606121000;258;828
201606121015;134;853
201606121030;139;876
201606121045;149;899
201606121100;213;914
201606121115;266;926
201606121130;216;936
201606121145;351;947
201606121200;400;955
201606121215;319;956
201606121230;222;954
201606121245;331;950
201606121300;226;942
201606121315;212;931
201606121330;182;920
201606121345;104;901
201606121400;128;882
201606121415;244;859
201606121430;160;825
201607270815;268;494
201607270830;282;538
201607270845;341;583
201607270900;399;621
201607270915;407;659
201607270930;529;699
201607270945;437;734
201607271000;496;765
201607271015;538;790
201607271030;582;822
201607271045;583;849
201607271100;596;872
201607271115;614;894
201607271130;624;909
201607271145;630;923
201607271200;633;932
201607271215;575;934
201607271230;590;937
201607271245;613;937
201607271300;621;935
201607271315;561;927
201607271330;606;915
201607271345;568;896
201607271400;500;877
201607271415;471;849
201607271430;471;828
201607271445;360;804
201607271500;362;765
201607271515;378;724
201607271530;363;674
201607271545;274;626
201607271600;221;580
201607271615;172;536
201607271630;163;483
201607271645;135;434
201607271700;97;377
201607271715;80;323
201607271730;57;286
201607271745;54;240
201607271800;40;196
201607271815;32;148
201607271830;16;102
201607271845;9;67
201607271900;5;33
201607271915;3;11
201607271930;0;0
201607271945;0;0
201607272000;0;0
201607272015;0;0
201607272030;0;0
201607272045;0;0
201607272100;0;0
201607272115;0;0
201607272130;0;0
201607272145;0;0
201607272200;0;0
201607272215;0;0
201607272230;0;0
201607272245;0;0
201607272300;0;0
201607272315;0;0
201607272330;0;0
201607272345;0;0
201607280000;0;0
201607280015;0;0
201607280030;0;0
201607280045;0;0
201607280100;0;0
201607280115;0;0
201607280130;0;0
201607280145;0;0
201607280200;0;0
201607280215;0;0
201607280230;0;0
201607280245;0;0
201607280300;0;0
201607280315;0;0
201607280330;0;0
201607280345;0;0
201607280400;0;0
201607280415;0;0
201607280430;0;0
201607280445;0;0
201607280500;0;0
201607280515;3;7
201607280530;10;27
201607280545;17;56
201607280600;28;92
201607280615;35;129
201607280630;39;152
201607280645;62;193
201607280700;68;254
201607280715;100;299
201607280730;104;315
201607280745;164;406
201607280800;196;403
201607280815;221;396
201607280830;212;433
201607280845;315;528
201607280900;403;614
201607280915;405;668
201607280930;526;706
201607280945;447;740
201607281000;496;767
201607281015;544;801
201607281030;582;829
201607281045;586;851
201607281100;598;871
201607281115;610;890
201607281130;620;907
201607281145;625;917
201607281200;629;925
201607281215;571;931
201607281230;582;933
201607281245;608;931
201607281300;615;930
201607281315;541;916
201607281330;595;902
201607281345;564;886
201607281400;503;867
201607281415;471;845
201607281430;443;819
201607281445;358;791
201607281500;361;761
201607281515;368;727
201607281530;374;690
201607281545;284;648
201607281600;238;606
201607281615;176;561
201607281630;175;514
201607281645;147;466
201607281700;107;421
201607281715;88;370
201607281730;53;320
201607281745;57;270
201607281800;39;219
201607281815;33;170
201607281830;15;121
201607281845;8;77
201607281900;4;33
201607281915;2;10
201607281930;0;0
201607281945;0;0
201607282000;0;0
201607282015;0;0
201607282030;0;0
201607282045;0;0
201607282100;0;0
201607282115;0;0
201607282130;0;0
201607282145;0;0
201607282200;0;0
201607282215;0;0
201607282230;0;0
201607282245;0;0
201607282300;0;0
201607282315;0;0
201607282330;0;0
201607282345;0;0
201607290000;0;0
201607290015;0;0
201607290030;0;0
201607290045;0;0
201607290100;0;0
201607290115;0;0
201607290130;0;0
201607290145;0;0
201607290200;0;0
201607290215;0;0
201607290230;0;0
201607290245;0;0
201607290300;0;0
201607290315;0;0
201607290330;0;0
201607290345;0;0
201607290400;0;0
201607290415;0;0
201607290430;0;0
201607290445;0;0
201607290500;0;0
201607290515;0;0
201607290530;4;19
201607290545;9;44
201607290600;17;72
201607290615;22;111
201607290630;33;155
201607290645;63;201
201607290700;58;250
201607290715;99;298
201607290730;120;346
201607290745;159;391
201607290800;206;418
201607290815;282;464
201607290830;241;507
201607290845;348;557
201607290900;390;586
201607290915;378;629
201607290930;493;691
201607290945;430;711
201607291000;465;733
201607291015;524;790
201607291030;567;826
201607291045;584;855
201607291100;600;882
201607291115;602;888
201607291130;609;903
201607291145;615;917
201607291200;599;907
201607291215;528;916
201607291230;522;904
201607291245;545;903
201607291300;580;900
201607291315;489;889
201607291330;574;888
201607291345;545;867
201607291400;476;849
201607291415;458;830
201607291430;419;792
201607291445;325;752
201607291500;333;725
201607291515;350;707
201607291530;354;668
201607291545;274;632
201607291600;227;575
201607291615;171;546
201607291630;182;507
201607291645;142;456
201607291700;111;400
201607291715;82;343
201607291730;61;294
201607291745;54;247
201607291800;38;206
201607291815;30;165
201607291830;17;120
201607291845;9;77
201607291900;5;40
201607291915;2;13
201607291930;0;0
201607291945;0;0
201607292000;0;0
201607292015;0;0
201607292030;0;0
201607292045;0;0
201607292100;0;0
201607292115;0;0
201607292130;0;0
201607292145;0;0
201607292200;0;0
201607292215;0;0
201607292230;0;0
201607292245;0;0
201607292300;0;0
201607292315;0;0
201607292330;0;0
201607292345;0;0
201607300000;0;0
201607300015;0;0
201607300030;0;0
201607300045;0;0
201607300100;0;0
201607300115;0;0
201607300130;0;0
201607300145;0;0
201607300200;0;0
201607300215;0;0
201607300230;0;0
201607300245;0;0
201607300300;0;0
201607300315;0;0
201607300330;0;0
201607300345;0;0
201607300400;0;0
201607300415;0;0
201607300430;0;0
201607300445;0;0
201607300500;0;0
201607300515;0;0
201607300530;2;11
201607300545;7;36
201607300600;15;69
201607300615;21;109
201607300630;35;131
201607300645;56;184
201607300700;57;239
201607300715;98;294
201607300730;110;327
201607300745;149;369
201607300800;212;427
201607300815;293;480
201607300830;254;542
201607300845;396;593
201607300900;443;638
201607300915;422;684
201607300930;515;723
201607300945;474;755
201607301000;514;785
201607301015;541;813
201607301030;580;838
201607301045;588;859
201607301100;594;874
201607301115;600;893
201607301130;603;902

